-- MySQL dump 10.13  Distrib 5.7.17, for Linux (x86_64)
--
-- Host: localhost    Database: visual_db
-- ------------------------------------------------------
-- Server version	5.7.17-0ubuntu0.16.04.1

/*!40101 SET @OLD_CHARACTER_SET_CLIENT=@@CHARACTER_SET_CLIENT */;
/*!40101 SET @OLD_CHARACTER_SET_RESULTS=@@CHARACTER_SET_RESULTS */;
/*!40101 SET @OLD_COLLATION_CONNECTION=@@COLLATION_CONNECTION */;
/*!40101 SET NAMES utf8 */;
/*!40103 SET @OLD_TIME_ZONE=@@TIME_ZONE */;
/*!40103 SET TIME_ZONE='+00:00' */;
/*!40014 SET @OLD_UNIQUE_CHECKS=@@UNIQUE_CHECKS, UNIQUE_CHECKS=0 */;
/*!40014 SET @OLD_FOREIGN_KEY_CHECKS=@@FOREIGN_KEY_CHECKS, FOREIGN_KEY_CHECKS=0 */;
/*!40101 SET @OLD_SQL_MODE=@@SQL_MODE, SQL_MODE='NO_AUTO_VALUE_ON_ZERO' */;
/*!40111 SET @OLD_SQL_NOTES=@@SQL_NOTES, SQL_NOTES=0 */;

--
-- Table structure for table `admin`
--

DROP TABLE IF EXISTS `admin`;
/*!40101 SET @saved_cs_client     = @@character_set_client */;
/*!40101 SET character_set_client = utf8 */;
CREATE TABLE `admin` (
  `email` varchar(50) NOT NULL,
  `password` varchar(128) NOT NULL,
  `uuid` varchar(64) DEFAULT NULL,
  UNIQUE KEY `email` (`email`)
) ENGINE=InnoDB DEFAULT CHARSET=latin1;
/*!40101 SET character_set_client = @saved_cs_client */;

--
-- Dumping data for table `admin`
--

LOCK TABLES `admin` WRITE;
/*!40000 ALTER TABLE `admin` DISABLE KEYS */;
INSERT INTO `admin` VALUES ('a','a','b8637916-f07b-4bcd-8631-74abd3e88e6b'),('chuck_norris','1234','abb3f2ad-13ba-4fe5-9223-11126da9f58a'),('root','cs481','68cf2de3-abde-43c6-a828-36a5949084f1');
/*!40000 ALTER TABLE `admin` ENABLE KEYS */;
UNLOCK TABLES;

--
-- Table structure for table `templates`
--

DROP TABLE IF EXISTS `templates`;
/*!40101 SET @saved_cs_client     = @@character_set_client */;
/*!40101 SET character_set_client = utf8 */;
CREATE TABLE `templates` (
  `template_id` varchar(64) DEFAULT NULL,
  `total_data_points` text,
  `graph_type` int(11) DEFAULT NULL
) ENGINE=InnoDB DEFAULT CHARSET=latin1;
/*!40101 SET character_set_client = @saved_cs_client */;

--
-- Dumping data for table `templates`
--

LOCK TABLES `templates` WRITE;
/*!40000 ALTER TABLE `templates` DISABLE KEYS */;
INSERT INTO `templates` VALUES ('Trial 3','78',1),('Template1','20',1),('Template2','20',1),('Template3','20',1),('Template4-Linear','20',2),('Template5-Linear','20',2),('NewTemplate','19',2),('Star-4','42',1),('','20',1);
/*!40000 ALTER TABLE `templates` ENABLE KEYS */;
UNLOCK TABLES;

--
-- Table structure for table `test_set_details`
--

DROP TABLE IF EXISTS `test_set_details`;
/*!40101 SET @saved_cs_client     = @@character_set_client */;
/*!40101 SET character_set_client = utf8 */;
CREATE TABLE `test_set_details` (
  `test_set_id` varchar(64) DEFAULT NULL,
  `wait_time` int(11) DEFAULT NULL,
  `closing_time` varchar(64) DEFAULT NULL,
  `status` int(11) DEFAULT NULL,
  `test_duration` int(11) DEFAULT NULL
) ENGINE=InnoDB DEFAULT CHARSET=latin1;
/*!40101 SET character_set_client = @saved_cs_client */;

--
-- Dumping data for table `test_set_details`
--

LOCK TABLES `test_set_details` WRITE;
/*!40000 ALTER TABLE `test_set_details` DISABLE KEYS */;
INSERT INTO `test_set_details` VALUES ('cs445',20,'',3,120),('asdf',10,'2017-03-16T01:01',1,20),('small-test',5,'2017-03-16T01:01',1,5);
/*!40000 ALTER TABLE `test_set_details` ENABLE KEYS */;
UNLOCK TABLES;

--
-- Table structure for table `test_set_result`
--

DROP TABLE IF EXISTS `test_set_result`;
/*!40101 SET @saved_cs_client     = @@character_set_client */;
/*!40101 SET character_set_client = utf8 */;
CREATE TABLE `test_set_result` (
  `template_id` text NOT NULL,
  `login_uuid` text NOT NULL,
  `result` text,
  `time_remaining` int(11) DEFAULT NULL,
  `selected_point` text,
  `class` text
) ENGINE=InnoDB DEFAULT CHARSET=latin1;
/*!40101 SET character_set_client = @saved_cs_client */;

--
-- Dumping data for table `test_set_result`
--

LOCK TABLES `test_set_result` WRITE;
/*!40000 ALTER TABLE `test_set_result` DISABLE KEYS */;
INSERT INTO `test_set_result` VALUES ('Template4-Linear','9c68d6cd-8394-4389-9c82-72e07123f2fd','100',59,'[4, 4, -1, -1, 3, 4, -1, -1, 4, 8, 7, 7, 8, 7, 7, 8, 7, 8]','[1, 1, 1, 1, 1, 1, 1, 1, 1, 2, 2, 2, 2, 2, 2, 2, 2, 2]'),('Template3','9c68d6cd-8394-4389-9c82-72e07123f2fd','100',85,'[18, 19, 18, 18, 18, 18, 18, 18, 18, 18, 18, 18, 18, 18, 18, 18, 18, 18]','[1, 1, 1, 1, 1, 1, 1, 1, 1, 2, 2, 2, 2, 2, 2, 2, 2, 2]'),('Template2','9c68d6cd-8394-4389-9c82-72e07123f2fd','100',68,'[17, 18, 18, 18, 18, 18, 17, 18, 17, 18, 18, 18, 18, 18, 18, 18, 18, 18]','[1, 1, 1, 1, 1, 1, 1, 1, 1, 2, 2, 2, 2, 2, 2, 2, 2, 2]'),('Template4-Linear','889aa948-eceb-426d-86a1-998a33f8bec5',NULL,NULL,NULL,NULL),('Template3','889aa948-eceb-426d-86a1-998a33f8bec5',NULL,NULL,NULL,NULL),('Template2','889aa948-eceb-426d-86a1-998a33f8bec5',NULL,NULL,NULL,NULL),('Template4-Linear','269df7d5-6e9b-4985-8520-a10dfeff31d1',NULL,NULL,NULL,NULL),('Template3','269df7d5-6e9b-4985-8520-a10dfeff31d1',NULL,NULL,NULL,NULL),('Template2','269df7d5-6e9b-4985-8520-a10dfeff31d1',NULL,NULL,NULL,NULL),('Template4-Linear','64c0bcc1-97a9-44d4-9879-98ed5e700570',NULL,NULL,NULL,NULL),('Template3','64c0bcc1-97a9-44d4-9879-98ed5e700570',NULL,NULL,NULL,NULL),('Template2','64c0bcc1-97a9-44d4-9879-98ed5e700570',NULL,NULL,NULL,NULL),('Template4-Linear','6f8aa800-8879-43a0-8636-962bf218ab83',NULL,NULL,NULL,NULL),('Template3','6f8aa800-8879-43a0-8636-962bf218ab83',NULL,NULL,NULL,NULL),('Template2','6f8aa800-8879-43a0-8636-962bf218ab83',NULL,NULL,NULL,NULL),('Template4-Linear','908f9fc7-f896-4791-a0f8-0fc91c25a2d8',NULL,NULL,NULL,NULL),('Template3','908f9fc7-f896-4791-a0f8-0fc91c25a2d8',NULL,NULL,NULL,NULL),('Template2','908f9fc7-f896-4791-a0f8-0fc91c25a2d8',NULL,NULL,NULL,NULL),('Template4-Linear','7e026098-bc82-4eb3-844f-89c4a4ea6afc',NULL,NULL,NULL,NULL),('Template3','7e026098-bc82-4eb3-844f-89c4a4ea6afc',NULL,NULL,NULL,NULL),('Template2','7e026098-bc82-4eb3-844f-89c4a4ea6afc',NULL,NULL,NULL,NULL),('Template4-Linear','0aeccb53-d679-4ecf-986e-c8c78fe5482c',NULL,NULL,NULL,NULL),('Template3','0aeccb53-d679-4ecf-986e-c8c78fe5482c',NULL,NULL,NULL,NULL),('Template2','0aeccb53-d679-4ecf-986e-c8c78fe5482c',NULL,NULL,NULL,NULL),('Template4-Linear','1c345d33-5132-46d7-a406-ea4f16c872f2',NULL,NULL,NULL,NULL),('Template3','1c345d33-5132-46d7-a406-ea4f16c872f2',NULL,NULL,NULL,NULL),('Template2','1c345d33-5132-46d7-a406-ea4f16c872f2',NULL,NULL,NULL,NULL),('Template4-Linear','77ef9cf8-9964-431f-b73d-d0a23ea2d215',NULL,NULL,NULL,NULL),('Template3','77ef9cf8-9964-431f-b73d-d0a23ea2d215',NULL,NULL,NULL,NULL),('Template2','77ef9cf8-9964-431f-b73d-d0a23ea2d215',NULL,NULL,NULL,NULL),('Template4-Linear','e95ea80a-c704-4db0-802e-c46c3a58b7ed',NULL,NULL,NULL,NULL),('Template3','e95ea80a-c704-4db0-802e-c46c3a58b7ed',NULL,NULL,NULL,NULL),('Template2','e95ea80a-c704-4db0-802e-c46c3a58b7ed',NULL,NULL,NULL,NULL),('Template4-Linear','37b14eab-8446-470a-8cc9-1e07280990e7',NULL,NULL,NULL,NULL),('Template3','37b14eab-8446-470a-8cc9-1e07280990e7',NULL,NULL,NULL,NULL),('Template2','37b14eab-8446-470a-8cc9-1e07280990e7',NULL,NULL,NULL,NULL),('Template4-Linear','a58ef8b4-74c3-4229-8c7b-624197918041','50',64,'[15, -1, -1, -1, -1, -1, -1, -1, -1, 15, 15, 15, 15, 15, 14, 15, 15, 15]','[1, 1, 1, 1, 1, 1, 1, 1, 1, 1, 1, 1, 1, 1, 1, 1, 1, 1]'),('Template3','a58ef8b4-74c3-4229-8c7b-624197918041','100',60,'[5, 9, 19, 18, 15, 6, 6, 6, 6, 7, 5, 13, 9, 7, 7, 7, 6, 13]','[1, 1, 1, 1, 1, 1, 1, 1, 1, 2, 2, 2, 2, 2, 2, 2, 2, 2]'),('Template2','a58ef8b4-74c3-4229-8c7b-624197918041','100',91,'[5, 3, 8, 6, 4, 9, 9, 8, 5, 9, 13, 11, 14, 12, 11, 11, 6, 11]','[1, 1, 1, 1, 1, 1, 1, 1, 1, 2, 2, 2, 2, 2, 2, 2, 2, 2]'),('Template4-Linear','4efb5585-e0a4-46af-a6fe-83f5fa4b2775',NULL,NULL,NULL,NULL),('Template3','4efb5585-e0a4-46af-a6fe-83f5fa4b2775',NULL,NULL,NULL,NULL),('Template2','4efb5585-e0a4-46af-a6fe-83f5fa4b2775',NULL,NULL,NULL,NULL),('Template4-Linear','9289dab8-34c6-4403-b6aa-2835a484071b',NULL,NULL,NULL,NULL),('Template3','9289dab8-34c6-4403-b6aa-2835a484071b',NULL,NULL,NULL,NULL),('Template2','9289dab8-34c6-4403-b6aa-2835a484071b',NULL,NULL,NULL,NULL),('Template4-Linear','3a22a1bc-3e14-4f3e-aea6-e894127368e7','0',22,'[4, 3, 15, 12, 8, 4, 4, 2, 4, 8, 3, 15, 3, 8, 14, 16, 8, 2]','[2, 2, 2, 2, 2, 2, 2, 2, 2, 1, 1, 1, 1, 1, 1, 1, 1, 1]'),('Template3','3a22a1bc-3e14-4f3e-aea6-e894127368e7','100',56,'[6, 11, 18, 16, 19, 18, 5, 16, 18, 9, 18, 5, 12, 19, 14, 13, 13, 14]','[1, 1, 1, 1, 1, 1, 1, 1, 1, 2, 2, 2, 2, 2, 2, 2, 2, 2]'),('Template2','3a22a1bc-3e14-4f3e-aea6-e894127368e7','100',88,'[14, 14, 14, 14, 14, 14, 14, 14, 14, 2, 2, 2, 2, 2, 2, 2, 2, 2]','[1, 1, 1, 1, 1, 1, 1, 1, 1, 2, 2, 2, 2, 2, 2, 2, 2, 2]'),('Template4-Linear','7e9b1a90-cebf-4258-96a1-42828fc206b8','100',39,'[-1, -1, -1, -1, -1, -1, -1, -1, -1, -1, -1, -1, -1, -1, -1, -1, -1, -1]','[1, 1, 1, 1, 1, 1, 1, 1, 1, 2, 2, 2, 2, 2, 2, 2, 2, 2]'),('Template3','7e9b1a90-cebf-4258-96a1-42828fc206b8','100',74,'[17, 17, 17, 17, 17, 17, 17, 17, 17, 17, 17, 17, 17, 17, 17, 17, 17, 17]','[1, 1, 1, 1, 1, 1, 1, 1, 1, 2, 2, 2, 2, 2, 2, 2, 2, 2]'),('Template2','7e9b1a90-cebf-4258-96a1-42828fc206b8','100',70,'[12, 12, 12, 12, 12, 12, 12, 12, 12, 12, 12, 12, 12, 12, 12, 12, 12, 12]','[1, 1, 1, 1, 1, 1, 1, 1, 1, 2, 2, 2, 2, 2, 2, 2, 2, 2]'),('Template4-Linear','8dd2b681-4b4e-4b92-8bab-030797706b90','88.8888888889',1,'[-1, -1, -1, -1, -1, -1, -1, -1, -1, -1, 7, -1, -1, -1, -1, -1, -1, 7]','[1, 1, 1, 1, 1, 1, 1, 1, 1, 2, 1, 2, 2, 2, 2, 2, 2, 1]'),('Template3','8dd2b681-4b4e-4b92-8bab-030797706b90','88.8888888889',0,'[-1, -1, -1, -1, -1, -1, -1, -1, -1, -1, 7, -1, -1, -1, -1, -1, -1, 7]','[1, 1, 1, 1, 1, 1, 1, 1, 1, 2, 1, 2, 2, 2, 2, 2, 2, 1]'),('Template2','8dd2b681-4b4e-4b92-8bab-030797706b90','88.8888888889',-1,'[-1, -1, -1, -1, -1, -1, -1, -1, -1, -1, 7, -1, -1, -1, -1, -1, -1, 7]','[1, 1, 1, 1, 1, 1, 1, 1, 1, 2, 1, 2, 2, 2, 2, 2, 2, 1]'),('Template4-Linear','3c95ebba-d290-4e53-851b-95d04b63cb11','88.8888888889',1,'[-1, -1, -1, 18, -1, 18, 18, -1, 18, 18, -1, 18, 18, 18, 18, -1, -1, -1]','[1, 1, 1, 1, 1, 2, 1, 1, 1, 1, 2, 2, 2, 2, 2, 2, 2, 2]'),('Template3','3c95ebba-d290-4e53-851b-95d04b63cb11','94.4444444444',46,'[18, 18, 18, 18, 18, 18, 18, 18, 18, 18, 18, 18, 18, 18, 18, 18, 18, 18]','[1, 1, 1, 1, 1, 1, 1, 1, 1, 2, 2, 2, 2, 1, 2, 2, 2, 2]'),('Template2','3c95ebba-d290-4e53-851b-95d04b63cb11','94.4444444444',1,'[18, 18, -1, -1, -1, 18, 18, -1, -1, -1, 18, -1, 18, -1, 18, 18, -1, 18]','[1, 1, 1, 1, 1, 1, 1, 1, 1, 2, 1, 2, 2, 2, 2, 2, 2, 2]'),('Template4-Linear','86f6e83c-994e-45ec-a29e-1c866a20d16f',NULL,NULL,NULL,NULL),('Template3','86f6e83c-994e-45ec-a29e-1c866a20d16f',NULL,NULL,NULL,NULL),('Template2','86f6e83c-994e-45ec-a29e-1c866a20d16f',NULL,NULL,NULL,NULL),('Template4-Linear','e8e5558e-c8ad-4ce4-9c19-79b9ad252ff2','100',1,'[15, -1, -1, -1, -1, -1, -1, -1, -1, -1, -1, -1, -1, -1, -1, -1, -1, -1]','[1, 1, 1, 1, 1, 1, 1, 1, 1, 2, 2, 2, 2, 2, 2, 2, 2, 2]'),('Template3','e8e5558e-c8ad-4ce4-9c19-79b9ad252ff2','100',42,'[6, 6, 6, 6, 6, 6, 6, 6, 6, 17, 17, 17, -1, 17, 17, 17, 17, 17]','[1, 1, 1, 1, 1, 1, 1, 1, 1, 2, 2, 2, 2, 2, 2, 2, 2, 2]'),('Template2','e8e5558e-c8ad-4ce4-9c19-79b9ad252ff2','100',39,'[3, 0, 3, 0, 3, 14, 3, 14, 0, 2, 2, 2, 2, 8, 2, 2, 2, 2]','[1, 1, 1, 1, 1, 1, 1, 1, 1, 2, 2, 2, 2, 2, 2, 2, 2, 2]'),('Template4-Linear','af93fa0d-a2db-4b53-a8eb-4c993ba789d7','83.3333333333',1,'[14, -1, -1, -1, -1, 4, -1, 11, -1, 11, -1, -1, -1, -1, -1, 4, -1, -1]','[1, 1, 1, 1, 1, 1, 1, 2, 1, 1, 2, 2, 2, 2, 2, 1, 2, 2]'),('Template3','af93fa0d-a2db-4b53-a8eb-4c993ba789d7','100',1,'[-1, -1, -1, -1, -1, -1, -1, -1, -1, -1, -1, -1, -1, -1, -1, -1, -1, -1]','[1, 1, 1, 1, 1, 1, 1, 1, 1, 2, 2, 2, 2, 2, 2, 2, 2, 2]'),('Template2','af93fa0d-a2db-4b53-a8eb-4c993ba789d7','100',37,'[14, 14, 14, 14, 14, 14, 14, 14, 14, 4, 4, 4, 4, 4, 4, 4, 4, 4]','[1, 1, 1, 1, 1, 1, 1, 1, 1, 2, 2, 2, 2, 2, 2, 2, 2, 2]'),('Template4-Linear','23809b2c-1600-4c83-a00f-e1e95560c58b','55.5555555556',1,'[6, 6, -1, 11, 10, -1, 11, 6, -1, 10, 13, 13, 14, -1, 13, 4, 5, 13]','[1, 2, 1, 1, 2, 1, 1, 2, 1, 2, 1, 2, 2, 2, 1, 1, 1, 1]'),('Template3','23809b2c-1600-4c83-a00f-e1e95560c58b','100',59,'[15, 17, 15, 1, 2, 19, 9, 15, 16, 14, 14, 17, 17, 14, 17, 11, 18, 14]','[1, 1, 1, 1, 1, 1, 1, 1, 1, 2, 2, 2, 2, 2, 2, 2, 2, 2]'),('Template2','23809b2c-1600-4c83-a00f-e1e95560c58b','100',70,'[17, 9, 9, 16, 19, 3, 1, 10, 15, 13, 5, 5, 18, 14, 13, 15, 14, 11]','[1, 1, 1, 1, 1, 1, 1, 1, 1, 2, 2, 2, 2, 2, 2, 2, 2, 2]'),('Template4-Linear','970d8475-820b-4b96-b6ed-92e8a0565bc4','0',4,'[4, 4, 4, 4, 4, 4, 4, 4, 4, 10, 10, 10, 10, 10, 10, 10, 10, 10]','[2, 2, 2, 2, 2, 2, 2, 2, 2, 1, 1, 1, 1, 1, 1, 1, 1, 1]'),('Template3','970d8475-820b-4b96-b6ed-92e8a0565bc4','100',84,'[6, 6, 6, 6, 6, 6, 6, 6, 6, 4, 4, 4, 4, 4, 4, 4, 4, 4]','[1, 1, 1, 1, 1, 1, 1, 1, 1, 2, 2, 2, 2, 2, 2, 2, 2, 2]'),('Template2','970d8475-820b-4b96-b6ed-92e8a0565bc4','94.4444444444',70,'[5, 5, 5, 5, 5, 5, 5, 5, -1, 12, 12, 12, 12, 12, 12, 12, 5, 12]','[1, 1, 1, 1, 1, 1, 1, 1, 1, 2, 2, 2, 2, 2, 2, 2, 1, 2]'),('Template4-Linear','51aa8d14-6bec-4228-abcd-26e878ef7a0c',NULL,NULL,NULL,NULL),('Template3','51aa8d14-6bec-4228-abcd-26e878ef7a0c',NULL,NULL,NULL,NULL),('Template2','51aa8d14-6bec-4228-abcd-26e878ef7a0c',NULL,NULL,NULL,NULL),('Template4-Linear','d10739f4-021b-402f-89fb-e38b0865ab5e','77.7777777778',1,'[0, -1, -1, -1, -1, -1, -1, -1, -1, -1, 17, -1, 5, -1, -1, 3, -1, 18]','[1, 1, 1, 1, 1, 1, 1, 1, 1, 2, 1, 2, 1, 2, 2, 1, 2, 1]'),('Template3','d10739f4-021b-402f-89fb-e38b0865ab5e','83.3333333333',1,'[8, 16, 15, 3, 1, 0, 9, 18, 17, -1, 6, -1, 4, -1, -1, -1, 2, -1]','[1, 1, 1, 1, 1, 1, 1, 1, 1, 2, 1, 2, 1, 2, 2, 2, 1, 2]'),('Template2','d10739f4-021b-402f-89fb-e38b0865ab5e','83.3333333333',1,'[14, 17, 8, 3, 3, 4, 7, 10, 0, -1, -1, -1, -1, 6, 5, 5, -1, -1]','[1, 1, 1, 1, 1, 1, 1, 1, 1, 2, 2, 2, 2, 1, 1, 1, 2, 2]'),('Template4-Linear','fe55a677-e064-4e73-abb2-9980a553cd0d','22.2222222222',1,'[7, -1, 7, 8, -1, 7, 8, 7, 7, 2, 3, -1, 2, 2, -1, 3, 2, 3]','[2, 1, 2, 2, 1, 2, 2, 2, 2, 1, 1, 2, 1, 1, 2, 1, 1, 1]'),('Template3','fe55a677-e064-4e73-abb2-9980a553cd0d','100',63,'[6, 6, 6, 6, 6, 6, 6, 6, 5, 5, 5, 4, 5, 5, 5, 5, 3, 5]','[1, 1, 1, 1, 1, 1, 1, 1, 1, 2, 2, 2, 2, 2, 2, 2, 2, 2]'),('Template2','fe55a677-e064-4e73-abb2-9980a553cd0d','94.4444444444',72,'[9, 9, 9, 9, 9, 9, 9, 9, 9, 3, 3, 3, 3, 3, 3, 3, 3, 3]','[1, 1, 1, 1, 1, 1, 1, 1, 1, 2, 2, 2, 2, 2, 2, 2, 1, 2]'),('Template4-Linear','eb20480f-0346-420f-af6b-1e89e23b5e84','5.55555555556',22,'[0, 4, 3, 4, 4, 4, 4, 4, 4, 3, 3, 3, 3, 3, 3, 1, 3, 3]','[1, 2, 2, 2, 2, 2, 2, 2, 2, 1, 1, 1, 1, 1, 1, 1, 1, 1]'),('Template3','eb20480f-0346-420f-af6b-1e89e23b5e84','100',59,'[5, 5, 5, 5, 5, 5, 5, 5, 5, 5, 5, 5, 5, 5, 5, 5, 5, 5]','[1, 1, 1, 1, 1, 1, 1, 1, 1, 2, 2, 2, 2, 2, 2, 2, 2, 2]'),('Template2','eb20480f-0346-420f-af6b-1e89e23b5e84','100',90,'[14, 14, 14, 14, 14, 14, 14, 14, 14, 14, 14, 14, 14, 14, 14, 14, 14, 14]','[1, 1, 1, 1, 1, 1, 1, 1, 1, 2, 2, 2, 2, 2, 2, 2, 2, 2]'),('Template4-Linear','b0eb213f-300f-44b3-85c4-2b78fbd99285','27.7777777778',0,'[4, 4, 4, 4, 5, 4, 4, 8, 8, 2, 7, 2, 2, 2, 7, 8, 8, 9]','[2, 2, 2, 2, 2, 2, 2, 1, 1, 1, 1, 1, 1, 1, 2, 2, 2, 1]'),('Template3','b0eb213f-300f-44b3-85c4-2b78fbd99285','27.7777777778',1,'[4, 4, 4, 4, 5, 4, 4, 8, 8, 2, 7, 2, 2, 2, 7, 8, 8, 9]','[2, 2, 2, 2, 2, 2, 2, 1, 1, 1, 1, 1, 1, 1, 2, 2, 2, 1]'),('Template2','b0eb213f-300f-44b3-85c4-2b78fbd99285','27.7777777778',0,'[4, 4, 4, 4, 5, 4, 4, 8, 8, 2, 7, 2, 2, 2, 7, 8, 8, 9]','[2, 2, 2, 2, 2, 2, 2, 1, 1, 1, 1, 1, 1, 1, 2, 2, 2, 1]'),('Template4-Linear','e2983601-ac11-4064-ab8f-5cd552c88ccd','61.1111111111',52,'[0, 0, 0, 9, 2, 7, 5, 16, 6, 4, 3, 2, 2, 10, 1, 5, 3, 3]','[1, 1, 1, 1, 1, 1, 2, 1, 2, 1, 1, 1, 2, 2, 2, 2, 1, 1]'),('Template3','e2983601-ac11-4064-ab8f-5cd552c88ccd','100',84,'[6, 6, 9, 9, 6, 6, 6, 6, 6, 13, 7, 8, 19, 7, 9, 9, 8, 13]','[1, 1, 1, 1, 1, 1, 1, 1, 1, 2, 2, 2, 2, 2, 2, 2, 2, 2]'),('Template2','e2983601-ac11-4064-ab8f-5cd552c88ccd','100',85,'[15, 14, 14, 16, 14, 11, 14, 10, 14, 2, 10, 5, 2, 7, 17, 1, 14, 1]','[1, 1, 1, 1, 1, 1, 1, 1, 1, 2, 2, 2, 2, 2, 2, 2, 2, 2]'),('Template4-Linear','116b93af-2a34-427c-a05b-a4536a63ea22','50',64,'[-1, 8, 8, -1, -1, 8, -1, 8, 3, 6, 6, 15, 15, 15, 15, 15, 2, 15]','[1, 1, 1, 1, 1, 1, 1, 1, 1, 1, 1, 1, 1, 1, 1, 1, 1, 1]'),('Template3','116b93af-2a34-427c-a05b-a4536a63ea22','55.5555555556',73,'[-1, -1, -1, -1, -1, -1, -1, -1, -1, 7, 6, -1, 6, 7, 7, 7, 6, 7]','[1, 1, 1, 1, 1, 1, 1, 1, 1, 1, 1, 2, 1, 1, 1, 1, 1, 1]'),('Template2','116b93af-2a34-427c-a05b-a4536a63ea22','88.8888888889',73,'[9, 10, 9, 9, 9, 10, 9, 10, 10, 10, 10, 5, 8, 10, 9, 9, 10, 10]','[1, 1, 1, 1, 1, 1, 1, 1, 1, 2, 2, 1, 2, 2, 2, 1, 2, 2]'),('Template4-Linear','21562aa1-dcc5-4ca5-b5e6-9bf5be7a3c71','66.6666666667',1,'[-1, -1, 16, -1, 4, -1, -1, 7, 16, 10, -1, -1, 13, 4, 8, -1, 10, -1]','[1, 1, 1, 1, 2, 1, 1, 1, 2, 1, 2, 2, 1, 1, 1, 2, 2, 2]'),('Template3','21562aa1-dcc5-4ca5-b5e6-9bf5be7a3c71','100',66,'[0, 19, 18, 16, 6, 18, 1, 16, 15, 6, 1, 9, 7, 18, 4, 18, 2, 2]','[1, 1, 1, 1, 1, 1, 1, 1, 1, 2, 2, 2, 2, 2, 2, 2, 2, 2]'),('Template2','21562aa1-dcc5-4ca5-b5e6-9bf5be7a3c71','100',79,'[1, 5, 3, 9, 4, 17, 3, -1, -1, 9, 10, 1, 13, 12, 6, 12, 5, 18]','[1, 1, 1, 1, 1, 1, 1, 1, 1, 2, 2, 2, 2, 2, 2, 2, 2, 2]'),('Template4-Linear','fe05ab53-03c5-4fa1-acfd-ac1a1424b0b6',NULL,NULL,NULL,NULL),('Template3','fe05ab53-03c5-4fa1-acfd-ac1a1424b0b6',NULL,NULL,NULL,NULL),('Template2','fe05ab53-03c5-4fa1-acfd-ac1a1424b0b6',NULL,NULL,NULL,NULL),('Template4-Linear','539749c7-499e-465c-b559-5f94d179469f',NULL,NULL,NULL,NULL),('Template3','539749c7-499e-465c-b559-5f94d179469f',NULL,NULL,NULL,NULL),('Template2','539749c7-499e-465c-b559-5f94d179469f',NULL,NULL,NULL,NULL),('Template4-Linear','80f17e4e-dc1d-4561-809a-31e3635f2dc7',NULL,NULL,NULL,NULL),('Template3','80f17e4e-dc1d-4561-809a-31e3635f2dc7',NULL,NULL,NULL,NULL),('Template2','80f17e4e-dc1d-4561-809a-31e3635f2dc7',NULL,NULL,NULL,NULL),('Template4-Linear','9c6d343e-60bf-4e96-8d29-f6ef7bfeb35c',NULL,NULL,NULL,NULL),('Template3','9c6d343e-60bf-4e96-8d29-f6ef7bfeb35c',NULL,NULL,NULL,NULL),('Template2','9c6d343e-60bf-4e96-8d29-f6ef7bfeb35c',NULL,NULL,NULL,NULL),('Template4-Linear','c32a7d65-b02b-4f3a-8218-7d56e8a35050',NULL,NULL,NULL,NULL),('Template3','c32a7d65-b02b-4f3a-8218-7d56e8a35050',NULL,NULL,NULL,NULL),('Template2','c32a7d65-b02b-4f3a-8218-7d56e8a35050',NULL,NULL,NULL,NULL),('Template4-Linear','222a40e8-5ced-436d-850a-aa8b24a81827',NULL,NULL,NULL,NULL),('Template3','222a40e8-5ced-436d-850a-aa8b24a81827',NULL,NULL,NULL,NULL),('Template2','222a40e8-5ced-436d-850a-aa8b24a81827',NULL,NULL,NULL,NULL),('Template4-Linear','c5f03489-288c-4a01-9b19-848147d5a023',NULL,NULL,NULL,NULL),('Template3','c5f03489-288c-4a01-9b19-848147d5a023',NULL,NULL,NULL,NULL),('Template2','c5f03489-288c-4a01-9b19-848147d5a023',NULL,NULL,NULL,NULL),('Template4-Linear','e0c13a98-a268-446e-af7b-2ffed1664a20',NULL,NULL,NULL,NULL),('Template3','e0c13a98-a268-446e-af7b-2ffed1664a20',NULL,NULL,NULL,NULL),('Template2','e0c13a98-a268-446e-af7b-2ffed1664a20',NULL,NULL,NULL,NULL),('Template4-Linear','70babe71-abcf-4906-ae77-7d537371fcca',NULL,NULL,NULL,NULL),('Template3','70babe71-abcf-4906-ae77-7d537371fcca',NULL,NULL,NULL,NULL),('Template2','70babe71-abcf-4906-ae77-7d537371fcca',NULL,NULL,NULL,NULL),('Template4-Linear','eabed6be-31bf-4cf1-bb5b-1f6106466d9e',NULL,NULL,NULL,NULL),('Template3','eabed6be-31bf-4cf1-bb5b-1f6106466d9e',NULL,NULL,NULL,NULL),('Template2','eabed6be-31bf-4cf1-bb5b-1f6106466d9e',NULL,NULL,NULL,NULL),('Template4-Linear','691fd0f0-4abe-4d6e-8947-5ccfab5ed696',NULL,NULL,NULL,NULL),('Template3','691fd0f0-4abe-4d6e-8947-5ccfab5ed696',NULL,NULL,NULL,NULL),('Template2','691fd0f0-4abe-4d6e-8947-5ccfab5ed696',NULL,NULL,NULL,NULL),('Template4-Linear','642f0f1e-ecd7-4dd3-99e9-d760ed2a5ba0',NULL,NULL,NULL,NULL),('Template3','642f0f1e-ecd7-4dd3-99e9-d760ed2a5ba0',NULL,NULL,NULL,NULL),('Template2','642f0f1e-ecd7-4dd3-99e9-d760ed2a5ba0',NULL,NULL,NULL,NULL),('Template4-Linear','eec9ead8-445f-490a-9a87-1f946d9f1af9',NULL,NULL,NULL,NULL),('Template3','eec9ead8-445f-490a-9a87-1f946d9f1af9',NULL,NULL,NULL,NULL),('Template2','eec9ead8-445f-490a-9a87-1f946d9f1af9',NULL,NULL,NULL,NULL),('Template1','23FZK5Y9C6Z9LKUO',NULL,NULL,NULL,NULL),('Template4-Linear','23FZK5Y9C6Z9LKUO',NULL,NULL,NULL,NULL),('Star-4','23FZK5Y9C6Z9LKUO',NULL,NULL,NULL,NULL),('Template1','C7MMZ9BN99DCL12X',NULL,NULL,NULL,NULL),('Template4-Linear','C7MMZ9BN99DCL12X',NULL,NULL,NULL,NULL),('Star-4','C7MMZ9BN99DCL12X',NULL,NULL,NULL,NULL),('Template1','77Y3OBXGF77CW2UT',NULL,NULL,NULL,NULL),('Template4-Linear','77Y3OBXGF77CW2UT',NULL,NULL,NULL,NULL),('Star-4','77Y3OBXGF77CW2UT',NULL,NULL,NULL,NULL),('Template1','90M45DVRGQ7WBEQX',NULL,NULL,NULL,NULL),('Template4-Linear','90M45DVRGQ7WBEQX',NULL,NULL,NULL,NULL),('Star-4','90M45DVRGQ7WBEQX',NULL,NULL,NULL,NULL),('Template1','VPAZEA16BQ4EWZWT',NULL,NULL,NULL,NULL),('Template4-Linear','VPAZEA16BQ4EWZWT',NULL,NULL,NULL,NULL),('Star-4','VPAZEA16BQ4EWZWT',NULL,NULL,NULL,NULL),('Template1','S5PILYJ89J2JHN59',NULL,NULL,NULL,NULL),('Template4-Linear','S5PILYJ89J2JHN59',NULL,NULL,NULL,NULL),('Star-4','S5PILYJ89J2JHN59',NULL,NULL,NULL,NULL),('Template1','JQNGHRVZVIIJTY5Q',NULL,NULL,NULL,NULL),('Template4-Linear','JQNGHRVZVIIJTY5Q',NULL,NULL,NULL,NULL),('Star-4','JQNGHRVZVIIJTY5Q',NULL,NULL,NULL,NULL),('Template1','2PW02HSGQ29ORCY9',NULL,NULL,NULL,NULL),('Template4-Linear','2PW02HSGQ29ORCY9',NULL,NULL,NULL,NULL),('Star-4','2PW02HSGQ29ORCY9',NULL,NULL,NULL,NULL),('Template1','LOV3UD3NZOU7GVGU',NULL,NULL,NULL,NULL),('Template4-Linear','LOV3UD3NZOU7GVGU',NULL,NULL,NULL,NULL),('Star-4','LOV3UD3NZOU7GVGU',NULL,NULL,NULL,NULL),('Template1','L9N7WXN4WOKQXYEV',NULL,NULL,NULL,NULL),('Template4-Linear','L9N7WXN4WOKQXYEV',NULL,NULL,NULL,NULL),('Star-4','L9N7WXN4WOKQXYEV',NULL,NULL,NULL,NULL),('Template1','2O1IP6827D95CFJM',NULL,NULL,NULL,NULL),('Template4-Linear','2O1IP6827D95CFJM',NULL,NULL,NULL,NULL),('Star-4','2O1IP6827D95CFJM',NULL,NULL,NULL,NULL),('Template1','LO2D3CGB6OMBZEUL',NULL,NULL,NULL,NULL),('Template4-Linear','LO2D3CGB6OMBZEUL',NULL,NULL,NULL,NULL),('Star-4','LO2D3CGB6OMBZEUL',NULL,NULL,NULL,NULL),('Template1','0PAFFWL3EIRSMTRC',NULL,NULL,NULL,NULL),('Template4-Linear','0PAFFWL3EIRSMTRC',NULL,NULL,NULL,NULL),('Star-4','0PAFFWL3EIRSMTRC',NULL,NULL,NULL,NULL),('Template1','OOKBCQWB92PY1ZZH',NULL,NULL,NULL,NULL),('Template4-Linear','OOKBCQWB92PY1ZZH',NULL,NULL,NULL,NULL),('Star-4','OOKBCQWB92PY1ZZH',NULL,NULL,NULL,NULL),('Template1','Z9U1PQ0EYOQ2G3QV',NULL,NULL,NULL,NULL),('Template4-Linear','Z9U1PQ0EYOQ2G3QV',NULL,NULL,NULL,NULL),('Star-4','Z9U1PQ0EYOQ2G3QV',NULL,NULL,NULL,NULL),('Template1','W5X427I48OD6X9RX',NULL,NULL,NULL,NULL),('Template4-Linear','W5X427I48OD6X9RX',NULL,NULL,NULL,NULL),('Star-4','W5X427I48OD6X9RX',NULL,NULL,NULL,NULL),('Template1','76QZNELB8NLPZGHQ',NULL,NULL,NULL,NULL),('Template4-Linear','76QZNELB8NLPZGHQ',NULL,NULL,NULL,NULL),('Star-4','76QZNELB8NLPZGHQ',NULL,NULL,NULL,NULL),('Template1','2767DQ0NR5YQCJ8N',NULL,NULL,NULL,NULL),('Template4-Linear','2767DQ0NR5YQCJ8N',NULL,NULL,NULL,NULL),('Star-4','2767DQ0NR5YQCJ8N',NULL,NULL,NULL,NULL),('Template1','ZKLZ2G4PX6VRYZTC','50',1,'[15, 5, 2, 10, 14, 4, 1, -1, 16, 4, 3, 1, 15, 7, 2, 4, 5, 16]','[1, 1, 1, 1, 1, 1, 1, 1, 1, 1, 1, 1, 1, 1, 1, 1, 1, 1]'),('Template4-Linear','ZKLZ2G4PX6VRYZTC','55.5555555556',4,'[8, 11, 6, 12, 8, 8, 3, 9, 5, 9, 9, 9, 6, 4, 10, 7, 9, -1]','[1, 1, 1, 1, 1, 1, 1, 1, 1, 1, 1, 1, 1, 1, 1, 1, 1, 2]'),('Star-4','ZKLZ2G4PX6VRYZTC','100',1,'[-1, -1, -1, -1, -1, -1, -1, -1, -1, -1, -1, -1, -1, -1, -1, -1, -1, -1]','[1, 1, 1, 1, 1, 1, 1, 1, 1, 2, 2, 2, 2, 2, 2, 2, 2, 2]'),('Template1','1526P1V27N6GYRP2',NULL,NULL,NULL,NULL),('Template4-Linear','1526P1V27N6GYRP2',NULL,NULL,NULL,NULL),('Star-4','1526P1V27N6GYRP2',NULL,NULL,NULL,NULL),('Template1','5E4YUIO9D3NBK239',NULL,NULL,NULL,NULL),('Template4-Linear','5E4YUIO9D3NBK239',NULL,NULL,NULL,NULL),('Star-4','5E4YUIO9D3NBK239',NULL,NULL,NULL,NULL),('Template1','SXUZE1EKFP2O5U4D',NULL,NULL,NULL,NULL),('Template4-Linear','SXUZE1EKFP2O5U4D',NULL,NULL,NULL,NULL),('Star-4','SXUZE1EKFP2O5U4D',NULL,NULL,NULL,NULL),('Template1','VGCQFV5924FR4E8M',NULL,NULL,NULL,NULL),('Template4-Linear','VGCQFV5924FR4E8M',NULL,NULL,NULL,NULL),('Star-4','VGCQFV5924FR4E8M',NULL,NULL,NULL,NULL),('Template1','TEFZ2R8PCDMP0Y6X',NULL,NULL,NULL,NULL),('Template4-Linear','TEFZ2R8PCDMP0Y6X',NULL,NULL,NULL,NULL),('Star-4','TEFZ2R8PCDMP0Y6X',NULL,NULL,NULL,NULL),('Template1','O1TS2E3UT9Q8BC1U',NULL,NULL,NULL,NULL),('Template4-Linear','O1TS2E3UT9Q8BC1U',NULL,NULL,NULL,NULL),('Star-4','O1TS2E3UT9Q8BC1U',NULL,NULL,NULL,NULL),('Template1','98OR7N5QVVNLNLYN',NULL,NULL,NULL,NULL),('Template4-Linear','98OR7N5QVVNLNLYN',NULL,NULL,NULL,NULL),('Star-4','98OR7N5QVVNLNLYN',NULL,NULL,NULL,NULL),('Template1','UHMTRGO3ZCP3PO8C',NULL,NULL,NULL,NULL),('Template4-Linear','UHMTRGO3ZCP3PO8C',NULL,NULL,NULL,NULL),('Star-4','UHMTRGO3ZCP3PO8C',NULL,NULL,NULL,NULL),('Template1','1A3LHKWML1F0VS9G',NULL,NULL,NULL,NULL),('Template4-Linear','1A3LHKWML1F0VS9G',NULL,NULL,NULL,NULL),('Star-4','1A3LHKWML1F0VS9G',NULL,NULL,NULL,NULL),('Template1','MT6SG9PDUW4JE4DL',NULL,NULL,NULL,NULL),('Template4-Linear','MT6SG9PDUW4JE4DL',NULL,NULL,NULL,NULL),('Star-4','MT6SG9PDUW4JE4DL',NULL,NULL,NULL,NULL),('Template1','26T3Z6N9COV1OUSM',NULL,NULL,NULL,NULL),('Template4-Linear','26T3Z6N9COV1OUSM',NULL,NULL,NULL,NULL),('Star-4','26T3Z6N9COV1OUSM',NULL,NULL,NULL,NULL),('Template2','2SZ4RHDVIHTX9S83',NULL,NULL,NULL,NULL),('Template2','ENTNEV47Q3TG4R96',NULL,NULL,NULL,NULL),('Template2','0I0EN2CS0OA8TCXD',NULL,NULL,NULL,NULL),('Template2','WJ0ML46DWGJ4KZVO',NULL,NULL,NULL,NULL),('Template2','MWJT8G5ZMH5BDETH',NULL,NULL,NULL,NULL),('Template2','4X32GAGYDHKAJO7M',NULL,NULL,NULL,NULL),('Template2','E4HCXAEVQEIJ0JU0','100',1,'[-1, -1, -1, -1, -1, -1, -1, -1, -1, -1, -1, -1, -1, -1, -1, -1, -1, -1]','[1, 1, 1, 1, 1, 1, 1, 1, 1, 2, 2, 2, 2, 2, 2, 2, 2, 2]'),('Template2','X2SKIU0GP54PW544',NULL,NULL,NULL,NULL),('Template2','JOAA9NLT8SMYDY0A',NULL,NULL,NULL,NULL),('Template2','IW1N8RSUKXFCUJE8',NULL,NULL,NULL,NULL),('Template2','27AVDJ9ACE7T25S8',NULL,NULL,NULL,NULL),('Template2','FLBLHB9PB7QFFLY5',NULL,NULL,NULL,NULL),('Template2','UG3UQYXP4YGIZUNS',NULL,NULL,NULL,NULL),('Template2','3XKP9HOX1174VN3K',NULL,NULL,NULL,NULL),('Template2','6ST8812YTI5102TM',NULL,NULL,NULL,NULL),('Template2','8NH9NG0W8H6BVNJT',NULL,NULL,NULL,NULL),('Template2','P81E5FIZME0YR229',NULL,NULL,NULL,NULL),('Template2','HZA2IRP78JNXXSKL',NULL,NULL,NULL,NULL),('Template2','9M4AFGH2HQD87018',NULL,NULL,NULL,NULL),('Template2','LJBVYO5HLZHUKJ9W',NULL,NULL,NULL,NULL),('Template2','BZHHNOB4HNJY8IHD',NULL,NULL,NULL,NULL),('Template2','M5RZCZAHQLJGAJAX',NULL,NULL,NULL,NULL),('Template2','8CJ5UY4L9LL17GP9',NULL,NULL,NULL,NULL),('Template2','QWNYHYDAE8MB4TFR',NULL,NULL,NULL,NULL),('Template2','HC6V1THNOGY2OSAX',NULL,NULL,NULL,NULL),('Template2','86D1Q0ZXRBCCW8S8',NULL,NULL,NULL,NULL),('Template2','FJG8Y5UTAMYPKPG7',NULL,NULL,NULL,NULL),('Template2','Q1PJTKGBBEMHQHOW',NULL,NULL,NULL,NULL),('Template2','R4938DDR9T82ZDL2',NULL,NULL,NULL,NULL),('Template2','GLWN6WZQWMT4GY49',NULL,NULL,NULL,NULL);
/*!40000 ALTER TABLE `test_set_result` ENABLE KEYS */;
UNLOCK TABLES;

--
-- Table structure for table `test_set_template_list`
--

DROP TABLE IF EXISTS `test_set_template_list`;
/*!40101 SET @saved_cs_client     = @@character_set_client */;
/*!40101 SET character_set_client = utf8 */;
CREATE TABLE `test_set_template_list` (
  `test_set_id` varchar(64) DEFAULT NULL,
  `template_id` varchar(64) DEFAULT NULL,
  `class1_parent_data_points` text,
  `class2_parent_data_points` text,
  `class2_generated_data_points` text,
  `class1_generated_data_points` text
) ENGINE=InnoDB DEFAULT CHARSET=latin1;
/*!40101 SET character_set_client = @saved_cs_client */;

--
-- Dumping data for table `test_set_template_list`
--

LOCK TABLES `test_set_template_list` WRITE;
/*!40000 ALTER TABLE `test_set_template_list` DISABLE KEYS */;
INSERT INTO `test_set_template_list` VALUES ('cs445','Template4-Linear','[45, 83, 31, 80, 80, 83, 38, 4, 94, 31, 29, 4, 96, 88, 9, 84, 98, 3, 34, 25]','[23, 44, 93, 51, 75, 4, 42, 69, 52, 72, 0, 15, 63, 8, 31, 97, 44, 78, 36, 12]','[[21.0, 40.300000000000004, 84.10000000000001, 46.199999999999996, 68.3, 4.1, 38.50000000000001, 62.6, 47.6, 65.2, 0.8, 14.0, 57.300000000000004, 7.800000000000001, 28.200000000000003, 87.89999999999999, 40.0, 71.0, 33.1, 11.100000000000001], [21.7, 40.1, 84.5, 46.9, 68.3, 3.9000000000000004, 38.50000000000001, 62.9, 47.800000000000004, 65.7, 0.9, 14.0, 57.6, 7.9, 28.6, 87.7, 40.4, 70.9, 32.699999999999996, 11.5], [21.7, 40.2, 84.4, 46.4, 68.2, 4.1, 38.800000000000004, 62.9, 47.400000000000006, 65.6, 0.9, 14.3, 57.6, 8.1, 28.8, 88.0, 40.6, 70.60000000000001, 32.8, 11.700000000000001], [21.0, 40.4, 84.2, 46.5, 68.0, 4.6, 38.6, 62.4, 47.6, 65.8, 0.7000000000000001, 14.3, 57.6, 7.9, 28.500000000000004, 88.1, 40.2, 70.7, 33.4, 11.4], [21.0, 40.300000000000004, 84.2, 46.4, 68.2, 4.1, 38.300000000000004, 62.7, 47.6, 65.3, 0.7000000000000001, 13.8, 57.7, 7.7, 28.900000000000002, 88.2, 40.0, 70.60000000000001, 33.0, 11.100000000000001], [21.2, 40.2, 84.10000000000001, 46.6, 68.2, 3.9000000000000004, 38.6, 62.7, 47.300000000000004, 65.3, 0.9, 14.2, 57.6, 8.0, 28.8, 87.8, 40.300000000000004, 70.60000000000001, 32.699999999999996, 11.8], [21.099999999999998, 40.0, 84.60000000000001, 46.3, 68.1, 4.0, 38.6, 63.1, 47.300000000000004, 65.39999999999999, 1.0, 13.8, 57.400000000000006, 7.9, 28.200000000000003, 88.1, 40.4, 70.8, 33.199999999999996, 11.200000000000001], [21.5, 40.5, 84.0, 46.199999999999996, 68.2, 3.9000000000000004, 38.7, 63.1, 47.50000000000001, 65.3, 0.5, 14.3, 57.400000000000006, 8.1, 28.6, 87.6, 40.300000000000004, 71.10000000000001, 32.9, 11.600000000000001], [21.4, 40.4, 84.7, 46.699999999999996, 68.3, 4.6, 38.1, 62.4, 47.800000000000004, 65.3, 0.30000000000000004, 14.0, 57.2, 7.7, 28.6, 87.8, 40.6, 70.8, 32.8, 11.600000000000001]]','[[41.3, 75.10000000000001, 28.6, 72.4, 72.5, 75.0, 35.1, 4.1, 85.4, 28.400000000000002, 26.5, 4.4, 86.9, 79.9, 8.6, 76.2, 89.0, 3.1, 31.5, 23.5], [41.3, 75.5, 28.3, 73.0, 72.8, 75.60000000000001, 34.7, 4.3, 85.2, 28.500000000000004, 26.5, 4.3, 87.10000000000001, 80.0, 8.9, 75.9, 89.2, 3.7, 31.3, 23.3], [40.9, 75.10000000000001, 28.700000000000003, 72.9, 72.7, 75.0, 35.0, 4.6, 85.2, 28.700000000000003, 26.900000000000002, 4.6, 86.9, 79.7, 8.9, 76.10000000000001, 88.7, 3.1, 30.900000000000002, 23.3], [41.2, 75.0, 28.200000000000003, 72.7, 72.8, 75.0, 35.1, 4.0, 85.10000000000001, 28.3, 26.5, 4.5, 87.4, 79.5, 8.4, 76.30000000000001, 88.8, 3.6, 30.900000000000002, 23.3], [41.0, 75.10000000000001, 28.3, 72.8, 72.7, 75.2, 34.6, 4.1, 85.4, 28.3, 26.900000000000002, 4.5, 86.9, 79.5, 9.0, 76.10000000000001, 88.5, 3.3000000000000003, 31.200000000000003, 23.2], [40.8, 75.60000000000001, 28.6, 72.7, 72.8, 75.60000000000001, 34.900000000000006, 4.0, 85.60000000000001, 28.400000000000002, 27.1, 4.5, 86.9, 80.2, 8.5, 76.00000000000001, 88.7, 3.7, 31.0, 23.0], [41.0, 75.10000000000001, 28.3, 73.0, 73.0, 75.7, 34.7, 4.5, 85.00000000000001, 28.500000000000004, 27.1, 3.9000000000000004, 87.4, 79.5, 9.1, 76.00000000000001, 89.10000000000001, 3.4000000000000004, 31.400000000000002, 23.0], [41.2, 75.10000000000001, 28.900000000000002, 72.7, 72.4, 75.60000000000001, 34.7, 4.4, 85.4, 28.400000000000002, 26.8, 4.1, 86.9, 80.10000000000001, 8.6, 76.60000000000001, 88.8, 3.5, 31.400000000000002, 23.5], [40.9, 75.10000000000001, 28.3, 72.3, 72.3, 75.60000000000001, 34.6, 4.0, 85.00000000000001, 28.6, 26.400000000000002, 4.3, 87.4, 79.5, 8.7, 76.10000000000001, 89.2, 3.1, 30.900000000000002, 23.1]]'),('cs445','Template3','[64, 77, 70, 52, 49, 45, 15, 39, 67, 75, 30, 76, 3, 89, 52, 67, 35, 13, 52, 55]','[70, 51, 96, 15, 1, 17, 99, 64, 54, 14, 80, 80, 62, 88, 60, 94, 35, 30, 44, 23]','[[63.8, 46.199999999999996, 87.0, 14.0, 1.4, 15.600000000000001, 90.00000000000001, 57.9, 49.300000000000004, 13.4, 72.8, 72.8, 56.7, 80.10000000000001, 54.7, 85.60000000000001, 32.3, 27.8, 40.2, 21.5], [64.0, 46.3, 86.7, 14.1, 1.9, 15.8, 89.9, 58.0, 48.9, 13.4, 73.0, 72.6, 56.6, 80.2, 54.7, 84.9, 32.1, 28.0, 40.300000000000004, 21.0], [63.6, 46.699999999999996, 87.0, 14.3, 1.9, 15.600000000000001, 89.50000000000001, 58.300000000000004, 49.300000000000004, 13.0, 72.7, 72.6, 56.2, 80.2, 54.4, 85.50000000000001, 32.3, 27.3, 40.4, 21.599999999999998], [63.6, 46.4, 87.0, 14.5, 1.2000000000000002, 16.1, 90.10000000000001, 58.0, 49.300000000000004, 13.5, 72.4, 72.6, 56.50000000000001, 79.7, 54.6, 85.50000000000001, 32.4, 27.6, 40.1, 21.3], [63.5, 46.9, 86.7, 14.3, 1.7000000000000002, 15.8, 89.7, 58.1, 49.300000000000004, 13.2, 72.3, 72.9, 56.6, 80.0, 54.9, 85.10000000000001, 32.2, 28.0, 40.1, 21.7], [63.6, 46.699999999999996, 87.30000000000001, 14.3, 1.6, 16.1, 90.10000000000001, 58.2, 49.6, 13.1, 73.0, 72.6, 56.7, 80.2, 54.3, 84.9, 32.5, 27.4, 40.2, 21.7], [63.9, 46.6, 86.7, 13.8, 1.2000000000000002, 15.600000000000001, 90.10000000000001, 58.2, 49.2, 13.5, 72.4, 72.3, 56.300000000000004, 79.60000000000001, 54.7, 85.2, 32.4, 27.7, 40.4, 21.4], [63.6, 46.3, 86.9, 13.8, 1.9, 15.700000000000001, 89.60000000000001, 58.6, 49.300000000000004, 13.5, 72.4, 72.3, 56.2, 79.9, 54.6, 85.10000000000001, 31.8, 28.0, 40.1, 21.099999999999998], [64.0, 46.8, 87.0, 13.8, 1.4, 15.8, 90.10000000000001, 57.9, 49.0, 13.2, 72.9, 72.5, 56.2, 79.8, 55.0, 85.2, 32.5, 27.6, 40.2, 21.4]]','[[57.9, 69.6, 63.3, 47.1, 44.4, 41.5, 14.1, 35.6, 61.1, 67.8, 27.3, 69.4, 3.2, 80.4, 47.800000000000004, 60.900000000000006, 31.9, 12.000000000000002, 47.800000000000004, 50.3], [58.300000000000004, 69.6, 63.9, 47.7, 45.0, 41.0, 14.3, 36.1, 61.00000000000001, 68.2, 27.3, 69.30000000000001, 3.5, 80.9, 47.800000000000004, 61.1, 32.4, 12.600000000000001, 47.2, 49.8], [58.1, 69.6, 63.9, 47.400000000000006, 44.5, 41.5, 14.5, 35.4, 60.6, 68.3, 27.9, 68.80000000000001, 3.3000000000000003, 80.4, 47.400000000000006, 61.2, 31.9, 12.3, 47.800000000000004, 50.3], [58.4, 70.0, 63.6, 47.1, 44.6, 41.0, 14.2, 36.0, 61.00000000000001, 67.9, 27.5, 68.9, 3.5, 81.00000000000001, 47.400000000000006, 60.800000000000004, 31.9, 12.100000000000001, 47.2, 50.4], [58.6, 69.89999999999999, 63.4, 47.800000000000004, 45.0, 40.9, 13.8, 35.7, 61.2, 67.9, 27.9, 69.4, 3.3000000000000003, 80.80000000000001, 47.7, 60.6, 32.3, 12.3, 47.7, 50.4], [58.4, 69.6, 63.5, 47.400000000000006, 44.5, 40.8, 14.2, 35.9, 60.800000000000004, 68.1, 27.6, 69.0, 3.7, 81.10000000000001, 47.1, 61.2, 32.4, 12.500000000000002, 47.2, 50.3], [58.6, 69.6, 63.3, 47.2, 44.5, 41.3, 14.4, 36.0, 60.900000000000006, 68.0, 27.9, 69.0, 3.6, 80.50000000000001, 47.400000000000006, 60.800000000000004, 32.2, 12.4, 47.300000000000004, 49.8], [57.9, 70.2, 63.8, 47.800000000000004, 44.800000000000004, 41.0, 14.4, 36.0, 61.2, 67.9, 27.8, 69.2, 3.4000000000000004, 81.10000000000001, 47.6, 61.2, 32.1, 12.4, 47.400000000000006, 50.5], [58.2, 69.8, 63.9, 47.300000000000004, 44.6, 41.2, 14.1, 35.7, 61.00000000000001, 67.9, 27.6, 69.4, 3.1, 80.60000000000001, 47.400000000000006, 60.6, 32.1, 12.4, 47.300000000000004, 50.1]]'),('cs445','Template2','[8, 77, 29, 43, 9, 100, 14, 8, 10, 33, 92, 40, 17, 39, 40, 67, 37, 74, 1, 90]','[15, 94, 62, 25, 92, 63, 60, 81, 76, 76, 44, 78, 43, 29, 52, 72, 6, 88, 32, 70]','[[13.9, 85.60000000000001, 56.400000000000006, 23.4, 83.2, 57.7, 54.3, 73.5, 69.4, 68.7, 40.300000000000004, 70.60000000000001, 39.7, 26.6, 47.50000000000001, 65.7, 5.7, 79.7, 29.8, 64.0], [14.2, 85.00000000000001, 56.800000000000004, 22.9, 83.2, 57.2, 54.3, 73.9, 68.9, 69.10000000000001, 40.4, 71.0, 39.2, 26.700000000000003, 47.300000000000004, 65.8, 6.300000000000001, 79.9, 29.5, 64.0], [14.4, 85.30000000000001, 56.50000000000001, 23.4, 83.7, 57.6, 54.3, 73.80000000000001, 69.0, 69.0, 40.1, 70.60000000000001, 39.1, 26.5, 47.400000000000006, 65.3, 6.0, 79.5, 29.400000000000002, 63.6], [14.3, 85.4, 56.800000000000004, 23.0, 83.6, 57.0, 54.5, 73.80000000000001, 68.7, 68.7, 40.0, 70.5, 39.1, 26.700000000000003, 47.2, 65.5, 5.800000000000001, 79.9, 29.1, 63.7], [14.4, 85.4, 56.300000000000004, 23.2, 83.2, 57.5, 54.5, 73.30000000000001, 69.0, 68.7, 40.5, 71.0, 39.300000000000004, 27.1, 47.6, 65.1, 5.800000000000001, 80.2, 29.2, 63.8], [13.8, 85.00000000000001, 56.300000000000004, 23.1, 83.39999999999999, 57.0, 54.7, 73.30000000000001, 69.4, 68.7, 39.9, 70.9, 39.0, 26.900000000000002, 47.50000000000001, 65.2, 5.800000000000001, 79.7, 29.1, 63.4], [13.9, 84.9, 56.50000000000001, 23.1, 83.5, 57.1, 54.3, 73.9, 68.7, 69.10000000000001, 39.9, 70.8, 39.0, 26.8, 47.7, 65.39999999999999, 6.1000000000000005, 79.60000000000001, 29.8, 63.6], [14.3, 85.30000000000001, 56.2, 22.8, 83.6, 57.5, 54.3, 73.5, 69.30000000000001, 68.80000000000001, 40.4, 71.10000000000001, 39.400000000000006, 26.400000000000002, 47.800000000000004, 65.5, 6.300000000000001, 80.2, 29.1, 63.9], [14.4, 85.50000000000001, 56.2, 22.8, 83.6, 57.5, 54.7, 73.80000000000001, 69.2, 69.30000000000001, 40.5, 70.7, 39.2, 27.0, 47.400000000000006, 65.7, 6.300000000000001, 79.60000000000001, 29.2, 63.8]]','[[8.1, 69.7, 27.0, 39.2, 8.7, 90.5, 13.299999999999999, 8.2, 9.7, 30.099999999999998, 83.2, 36.7, 16.1, 35.5, 36.6, 60.6, 34.1, 67.60000000000001, 1.8, 81.6], [8.1, 70.1, 26.6, 39.2, 8.5, 90.9, 13.2, 7.5, 9.6, 30.599999999999998, 83.7, 36.3, 15.600000000000001, 36.1, 36.4, 61.1, 34.1, 67.50000000000001, 1.5, 81.4], [7.5, 70.2, 26.700000000000003, 39.5, 8.4, 90.9, 13.299999999999999, 8.1, 9.3, 30.099999999999998, 83.5, 36.8, 15.600000000000001, 35.7, 36.9, 61.300000000000004, 33.6, 67.4, 1.4, 81.8], [7.800000000000001, 70.1, 26.6, 39.0, 8.799999999999999, 90.5, 13.6, 7.6000000000000005, 9.3, 30.5, 83.1, 36.7, 16.2, 35.800000000000004, 36.4, 61.1, 33.7, 67.00000000000001, 1.5, 81.4], [8.2, 70.3, 26.900000000000002, 39.2, 8.7, 90.9, 13.5, 7.9, 9.9, 30.7, 83.7, 36.7, 15.8, 35.800000000000004, 36.6, 61.2, 33.6, 67.10000000000001, 1.8, 81.8], [7.6000000000000005, 70.1, 26.400000000000002, 39.6, 8.5, 90.5, 12.9, 8.0, 9.3, 30.099999999999998, 83.8, 36.8, 16.0, 35.6, 36.5, 60.900000000000006, 33.7, 67.60000000000001, 1.9, 82.0], [7.7, 70.2, 27.0, 39.5, 8.5, 90.5, 13.299999999999999, 7.6000000000000005, 9.8, 30.2, 83.1, 36.8, 16.0, 35.800000000000004, 36.9, 61.300000000000004, 34.1, 67.30000000000001, 1.9, 81.4], [8.1, 70.0, 26.6, 39.5, 8.7, 90.4, 13.6, 7.6000000000000005, 9.7, 30.0, 83.2, 36.4, 15.700000000000001, 36.1, 37.0, 60.900000000000006, 33.900000000000006, 67.30000000000001, 1.2000000000000002, 81.8], [8.2, 70.2, 27.1, 39.300000000000004, 8.4, 90.4, 13.2, 7.6000000000000005, 9.6, 30.2, 83.2, 36.9, 15.8, 35.6, 36.5, 60.6, 33.900000000000006, 66.9, 1.5, 81.3]]'),('asdf','Template1','[31, 82, 81, 20, 12, 19, 54, 35, 28, 90, 15, 24, 10, 12, 69, 70, 30, 10, 36, 75]','[79, 22, 11, 36, 18, 84, 79, 53, 66, 82, 56, 39, 29, 93, 21, 68, 15, 25, 12, 52]','[[88, 89, 24, 19, 36, 10, 16, 19, 38, 82, 56, 66, 46, 66, 88, 91, 39, 32, 18, 47], [30, 81, 38, 23, 14, 67, 80, 54, 66, 54, 51, 30, 37, 70, 36, 92, 59, 73, 40, 41], [32, 64, 18, 77, 6, 60, 30, 82, 33, 83, 71, 66, 12, 81, 15, 73, 40, 76, 72, 50], [35, 55, 49, 30, 28, 76, 40, 46, 48, 43, 47, 43, 14, 86, 13, 54, 48, 23, 16, 38], [69, 13, 6, 62, 56, 86, 44, 58, 61, 56, 38, 61, 35, 69, 58, 63, 24, 25, 36, 46], [58, 35, 8, 21, 18, 58, 67, 67, 66, 59, 52, 37, 25, 59, 25, 63, 41, 54, 24, 38], [80, 39, 31, 26, 28, 82, 64, 61, 58, 81, 61, 27, 39, 84, 37, 77, 39, 29, 17, 41], [70, 18, 26, 40, 15, 83, 73, 43, 57, 72, 47, 43, 34, 78, 36, 74, 26, 33, 13, 59], [72, 27, 13, 37, 25, 85, 76, 56, 60, 81, 58, 40, 28, 86, 26, 68, 23, 28, 17, 55]]','[[17, 46, 28, 38, 71, 11, 74, 17, 40, 23, 15, 77, 89, 62, 58, 72, 68, 13, 36, 64], [33, 27, 70, 70, 8, 43, 68, 84, 57, 94, 18, 28, 60, 44, 41, 28, 75, 14, 33, 15], [75, 51, 39, 49, 73, 28, 41, 32, 43, 34, 19, 77, 49, 14, 41, 62, 76, 44, 38, 38], [16, 70, 36, 57, 55, 35, 60, 40, 41, 72, 32, 52, 64, 9, 38, 70, 62, 44, 30, 64], [38, 90, 70, 22, 53, 34, 53, 63, 22, 63, 23, 15, 41, 7, 63, 71, 26, 23, 27, 47], [34, 64, 50, 28, 8, 42, 35, 59, 45, 60, 41, 18, 41, 10, 66, 60, 32, 14, 55, 83], [29, 60, 61, 36, 20, 13, 51, 52, 22, 87, 37, 25, 18, 16, 54, 75, 48, 27, 39, 70], [43, 77, 67, 35, 20, 33, 52, 41, 35, 81, 29, 32, 8, 26, 72, 74, 29, 25, 42, 65], [30, 81, 77, 24, 13, 18, 52, 38, 34, 84, 13, 27, 14, 11, 67, 69, 32, 10, 34, 73]]'),('asdf','Template4-Linear','[79, 85, 68, 18, 13, 37, 39, 22, 29, 74, 36, 24, 58, 36, 88, 91, 58, 76, 70, 38]','[18, 5, 93, 80, 9, 18, 23, 22, 71, 43, 62, 89, 37, 39, 84, 53, 35, 40, 18, 37]','[[11, 36, 38, 48, 9, 49, 51, 73, 55, 25, 67, 95, 91, 84, 97, 92, 68, 24, 51, 76], [66, 59, 65, 66, 27, 74, 51, 47, 29, 52, 66, 61, 64, 67, 22, 64, 12, 24, 45, 35], [15, 68, 30, 61, 4, 38, 32, 12, 61, 22, 64, 96, 58, 14, 68, 78, 11, 72, 40, 69], [28, 41, 96, 45, 35, 43, 66, 67, 62, 28, 59, 78, 19, 33, 36, 58, 29, 53, 38, 31], [50, 16, 55, 45, 35, 42, 32, 55, 36, 28, 42, 91, 61, 26, 48, 27, 49, 42, 13, 24], [16, 6, 68, 80, 13, 50, 47, 23, 66, 54, 39, 53, 62, 59, 69, 52, 26, 42, 29, 58], [28, 8, 71, 81, 9, 15, 16, 39, 72, 44, 44, 75, 33, 30, 70, 66, 48, 29, 15, 47], [28, 21, 85, 79, 27, 16, 24, 36, 60, 49, 69, 84, 48, 45, 86, 58, 35, 36, 23, 46], [17, 13, 83, 74, 16, 25, 23, 22, 73, 45, 56, 83, 35, 38, 76, 56, 32, 43, 20, 39]]','[[35, 72, 25, 63, 14, 14, 6, 6, 70, 94, 65, 90, 68, 67, 61, 46, 11, 30, 40, 92], [19, 32, 80, 39, 16, 18, 60, 41, 51, 46, 64, 31, 74, 79, 80, 37, 62, 95, 61, 79], [46, 82, 22, 49, 72, 53, 16, 59, 51, 83, 21, 13, 30, 31, 84, 70, 69, 82, 86, 62], [79, 58, 71, 49, 60, 49, 33, 34, 24, 41, 36, 54, 53, 46, 73, 95, 66, 82, 31, 45], [44, 83, 37, 29, 33, 22, 19, 57, 39, 66, 49, 49, 34, 34, 86, 62, 72, 40, 68, 36], [85, 70, 75, 22, 39, 62, 47, 53, 19, 74, 35, 32, 69, 30, 54, 71, 47, 69, 73, 25], [58, 78, 59, 23, 15, 31, 48, 31, 20, 52, 42, 42, 61, 27, 89, 70, 64, 80, 67, 50], [69, 71, 54, 19, 20, 43, 47, 26, 32, 78, 48, 31, 66, 45, 82, 90, 58, 76, 57, 47], [80, 84, 68, 17, 14, 37, 41, 21, 35, 71, 36, 27, 61, 40, 79, 87, 56, 75, 72, 42]]'),('asdf','Star-4','[38, 61, 69, 71, 75, 51, 86, 72, 45, 43, 94, 79, 6, 86, 55, 75, 44, 75, 84, 19, 5, 32, 59, 94, 27, 74, 84, 73, 9, 32, 38, 86, 61, 60, 54, 76, 33, 84, 81, 53, 86, 28]','[61, 52, 91, 91, 41, 35, 12, 20, 64, 47, 26, 28, 76, 42, 47, 74, 7, 11, 8, 95, 78, 61, 39, 19, 48, 24, 46, 28, 14, 74, 86, 59, 81, 52, 17, 20, 53, 34, 5, 80, 46, 38]','[[91, 27, 98, 43, 29, 71, 65, 43, 92, 38, 39, 49, 45, 75, 93, 60, 76, 56, 13, 80, 10, 70, 61, 36, 31, 92, 94, 4, 59, 15, 72, 28, 20, 49, 3, 29, 17, 25, 34, 19, 89, 82], [65, 30, 73, 47, 23, 19, 6, 60, 52, 55, 50, 52, 62, 76, 23, 78, 74, 12, 79, 60, 91, 68, 57, 74, 56, 66, 24, 47, 17, 85, 93, 23, 89, 59, 65, 45, 38, 10, 31, 23, 89, 58], [19, 84, 67, 77, 72, 10, 65, 64, 66, 61, 35, 8, 32, 67, 65, 87, 24, 22, 55, 42, 91, 35, 28, 29, 37, 38, 51, 11, 32, 69, 32, 18, 61, 71, 35, 28, 41, 63, 48, 90, 78, 69], [25, 37, 46, 50, 69, 48, 64, 9, 80, 69, 11, 19, 85, 75, 67, 47, 14, 20, 20, 94, 64, 54, 21, 23, 73, 40, 39, 56, 45, 60, 39, 63, 64, 71, 15, 22, 73, 31, 48, 69, 22, 29], [31, 39, 51, 66, 54, 66, 6, 36, 77, 37, 62, 54, 86, 30, 55, 84, 4, 24, 52, 51, 59, 79, 66, 45, 53, 32, 36, 19, 31, 37, 69, 46, 48, 62, 49, 57, 70, 17, 13, 45, 23, 55], [67, 48, 79, 75, 42, 38, 39, 24, 47, 67, 21, 24, 53, 42, 29, 71, 30, 12, 32, 69, 73, 42, 34, 27, 30, 38, 48, 42, 26, 80, 68, 63, 52, 41, 11, 13, 51, 33, 11, 69, 54, 26], [50, 54, 89, 65, 50, 40, 17, 22, 62, 35, 42, 49, 60, 38, 53, 60, 29, 9, 34, 83, 65, 55, 31, 15, 35, 33, 49, 46, 30, 60, 66, 47, 64, 46, 41, 40, 60, 29, 29, 77, 40, 32], [66, 59, 82, 87, 36, 28, 19, 31, 58, 53, 26, 42, 78, 47, 55, 76, 16, 25, 17, 88, 63, 54, 48, 20, 48, 27, 55, 25, 26, 64, 73, 51, 73, 60, 28, 32, 59, 42, 23, 66, 54, 43], [55, 51, 82, 91, 37, 36, 12, 26, 65, 49, 32, 30, 75, 43, 49, 67, 15, 15, 7, 87, 73, 64, 41, 26, 45, 29, 50, 34, 22, 68, 83, 58, 74, 50, 23, 18, 48, 37, 12, 81, 44, 37]]','[[82, 18, 78, 80, 94, 67, 71, 70, 59, 85, 51, 39, 30, 22, 6, 93, 35, 8, 28, 6, 80, 21, 67, 96, 55, 20, 83, 20, 81, 76, 44, 18, 74, 29, 63, 31, 80, 48, 16, 45, 69, 30], [18, 91, 75, 94, 86, 50, 44, 76, 32, 47, 18, 38, 43, 33, 88, 19, 76, 90, 27, 8, 15, 7, 56, 39, 71, 49, 81, 61, 65, 30, 61, 65, 47, 91, 56, 62, 67, 73, 49, 53, 97, 21], [56, 71, 80, 22, 28, 18, 62, 80, 15, 33, 54, 29, 59, 37, 19, 66, 83, 30, 78, 68, 51, 42, 19, 64, 27, 33, 49, 73, 28, 33, 35, 55, 45, 47, 58, 76, 30, 75, 56, 64, 66, 55], [74, 34, 72, 70, 42, 33, 55, 60, 36, 74, 91, 71, 45, 81, 28, 51, 69, 37, 36, 18, 44, 28, 37, 77, 36, 63, 80, 73, 50, 55, 38, 40, 83, 66, 58, 40, 50, 78, 84, 80, 38, 46], [36, 78, 41, 37, 46, 40, 75, 45, 69, 57, 65, 58, 36, 65, 42, 79, 56, 61, 82, 42, 11, 60, 52, 94, 15, 68, 88, 77, 53, 60, 49, 74, 67, 78, 54, 44, 50, 64, 79, 67, 59, 48], [29, 60, 53, 78, 63, 51, 64, 53, 31, 36, 70, 80, 10, 79, 69, 79, 52, 66, 68, 40, 13, 25, 64, 73, 46, 75, 75, 75, 13, 19, 36, 79, 60, 63, 50, 77, 40, 72, 65, 50, 78, 45], [41, 60, 61, 57, 73, 35, 79, 58, 36, 42, 88, 76, 18, 82, 54, 65, 30, 70, 65, 35, 25, 34, 66, 73, 26, 70, 64, 60, 34, 29, 35, 69, 43, 70, 40, 64, 50, 65, 72, 63, 74, 30], [31, 68, 69, 57, 74, 59, 70, 72, 40, 48, 92, 70, 13, 84, 57, 61, 44, 78, 75, 17, 8, 29, 50, 79, 28, 76, 82, 78, 24, 29, 43, 72, 52, 58, 45, 74, 34, 70, 81, 43, 70, 28], [41, 60, 64, 65, 71, 51, 83, 68, 50, 38, 87, 77, 9, 81, 50, 76, 46, 71, 85, 21, 7, 34, 57, 85, 32, 73, 77, 66, 8, 34, 42, 78, 64, 59, 51, 72, 33, 80, 82, 56, 77, 30]]'),('small-test','Template2','[84, 57, 93, 19, 73, 54, 56, 59, 68, 94, 50, 60, 19, 81, 40, 62, 24, 61, 58, 14]','[35, 5, 83, 75, 69, 91, 32, 38, 63, 14, 41, 27, 24, 41, 53, 90, 27, 29, 87, 62]','[[49, 85, 17, 24, 43, 13, 11, 53, 78, 16, 44, 81, 57, 10, 27, 45, 21, 82, 45, 8], [59, 64, 33, 18, 77, 75, 39, 17, 41, 5, 71, 30, 44, 17, 34, 21, 79, 13, 70, 58], [71, 22, 34, 77, 33, 84, 34, 42, 63, 58, 25, 77, 68, 30, 76, 43, 20, 37, 57, 76], [47, 36, 45, 72, 67, 40, 20, 69, 71, 64, 36, 61, 54, 24, 35, 70, 21, 35, 51, 51], [44, 9, 91, 49, 40, 85, 42, 57, 67, 36, 30, 28, 51, 30, 59, 55, 14, 40, 46, 35], [38, 3, 57, 68, 61, 69, 23, 58, 44, 28, 56, 39, 49, 58, 35, 69, 45, 51, 58, 50], [46, 23, 86, 56, 59, 83, 47, 48, 62, 29, 31, 35, 43, 29, 44, 76, 23, 29, 79, 45], [45, 9, 76, 78, 73, 79, 32, 42, 55, 30, 41, 21, 19, 40, 58, 83, 31, 26, 86, 66], [36, 12, 83, 73, 65, 91, 29, 39, 61, 15, 41, 26, 26, 38, 53, 86, 30, 35, 80, 58]]','[[97, 9, 76, 49, 12, 43, 65, 9, 30, 49, 82, 71, 22, 91, 38, 73, 38, 34, 29, 2], [72, 64, 42, 48, 21, 77, 84, 23, 91, 52, 32, 48, 53, 29, 58, 45, 66, 71, 14, 17], [87, 59, 67, 18, 30, 58, 17, 51, 30, 52, 49, 81, 60, 48, 65, 28, 14, 24, 45, 72], [86, 30, 90, 58, 86, 40, 68, 34, 66, 85, 21, 52, 35, 63, 67, 57, 43, 55, 79, 52], [78, 71, 52, 39, 72, 37, 48, 64, 60, 75, 49, 68, 32, 77, 57, 65, 42, 79, 79, 23], [74, 35, 93, 44, 74, 47, 71, 45, 64, 90, 55, 50, 33, 78, 30, 61, 46, 65, 46, 32], [76, 59, 86, 28, 63, 62, 47, 70, 60, 76, 61, 51, 34, 74, 52, 65, 46, 43, 66, 35], [87, 58, 76, 35, 72, 58, 49, 58, 70, 77, 51, 51, 25, 79, 35, 67, 19, 62, 64, 17], [76, 54, 91, 21, 67, 53, 51, 53, 71, 88, 51, 63, 24, 82, 45, 65, 30, 62, 54, 16]]');
/*!40000 ALTER TABLE `test_set_template_list` ENABLE KEYS */;
UNLOCK TABLES;

--
-- Table structure for table `test_set_user_login_id`
--

DROP TABLE IF EXISTS `test_set_user_login_id`;
/*!40101 SET @saved_cs_client     = @@character_set_client */;
/*!40101 SET character_set_client = utf8 */;
CREATE TABLE `test_set_user_login_id` (
  `test_set_id` varchar(64) DEFAULT NULL,
  `login_uuid` varchar(64) DEFAULT NULL
) ENGINE=InnoDB DEFAULT CHARSET=latin1;
/*!40101 SET character_set_client = @saved_cs_client */;

--
-- Dumping data for table `test_set_user_login_id`
--

LOCK TABLES `test_set_user_login_id` WRITE;
/*!40000 ALTER TABLE `test_set_user_login_id` DISABLE KEYS */;
INSERT INTO `test_set_user_login_id` VALUES ('cs445','9c68d6cd-8394-4389-9c82-72e07123f2fd'),('cs445','889aa948-eceb-426d-86a1-998a33f8bec5'),('cs445','269df7d5-6e9b-4985-8520-a10dfeff31d1'),('cs445','64c0bcc1-97a9-44d4-9879-98ed5e700570'),('cs445','6f8aa800-8879-43a0-8636-962bf218ab83'),('cs445','908f9fc7-f896-4791-a0f8-0fc91c25a2d8'),('cs445','7e026098-bc82-4eb3-844f-89c4a4ea6afc'),('cs445','0aeccb53-d679-4ecf-986e-c8c78fe5482c'),('cs445','1c345d33-5132-46d7-a406-ea4f16c872f2'),('cs445','77ef9cf8-9964-431f-b73d-d0a23ea2d215'),('cs445','e95ea80a-c704-4db0-802e-c46c3a58b7ed'),('cs445','37b14eab-8446-470a-8cc9-1e07280990e7'),('cs445','a58ef8b4-74c3-4229-8c7b-624197918041'),('cs445','4efb5585-e0a4-46af-a6fe-83f5fa4b2775'),('cs445','9289dab8-34c6-4403-b6aa-2835a484071b'),('cs445','3a22a1bc-3e14-4f3e-aea6-e894127368e7'),('cs445','7e9b1a90-cebf-4258-96a1-42828fc206b8'),('cs445','8dd2b681-4b4e-4b92-8bab-030797706b90'),('cs445','3c95ebba-d290-4e53-851b-95d04b63cb11'),('cs445','86f6e83c-994e-45ec-a29e-1c866a20d16f'),('cs445','e8e5558e-c8ad-4ce4-9c19-79b9ad252ff2'),('cs445','af93fa0d-a2db-4b53-a8eb-4c993ba789d7'),('cs445','23809b2c-1600-4c83-a00f-e1e95560c58b'),('cs445','970d8475-820b-4b96-b6ed-92e8a0565bc4'),('cs445','51aa8d14-6bec-4228-abcd-26e878ef7a0c'),('cs445','d10739f4-021b-402f-89fb-e38b0865ab5e'),('cs445','fe55a677-e064-4e73-abb2-9980a553cd0d'),('cs445','eb20480f-0346-420f-af6b-1e89e23b5e84'),('cs445','b0eb213f-300f-44b3-85c4-2b78fbd99285'),('cs445','e2983601-ac11-4064-ab8f-5cd552c88ccd'),('cs445','116b93af-2a34-427c-a05b-a4536a63ea22'),('cs445','21562aa1-dcc5-4ca5-b5e6-9bf5be7a3c71'),('cs445','fe05ab53-03c5-4fa1-acfd-ac1a1424b0b6'),('cs445','539749c7-499e-465c-b559-5f94d179469f'),('cs445','80f17e4e-dc1d-4561-809a-31e3635f2dc7'),('cs445','9c6d343e-60bf-4e96-8d29-f6ef7bfeb35c'),('cs445','c32a7d65-b02b-4f3a-8218-7d56e8a35050'),('cs445','222a40e8-5ced-436d-850a-aa8b24a81827'),('cs445','c5f03489-288c-4a01-9b19-848147d5a023'),('cs445','e0c13a98-a268-446e-af7b-2ffed1664a20'),('cs445','70babe71-abcf-4906-ae77-7d537371fcca'),('cs445','eabed6be-31bf-4cf1-bb5b-1f6106466d9e'),('cs445','691fd0f0-4abe-4d6e-8947-5ccfab5ed696'),('cs445','642f0f1e-ecd7-4dd3-99e9-d760ed2a5ba0'),('cs445','eec9ead8-445f-490a-9a87-1f946d9f1af9'),('ASDF@#$%\"@#$:','lpuVIQleAHzvy9hZ'),('asdf','23FZK5Y9C6Z9LKUO'),('asdf','C7MMZ9BN99DCL12X'),('asdf','77Y3OBXGF77CW2UT'),('asdf','90M45DVRGQ7WBEQX'),('asdf','VPAZEA16BQ4EWZWT'),('asdf','S5PILYJ89J2JHN59'),('asdf','JQNGHRVZVIIJTY5Q'),('asdf','2PW02HSGQ29ORCY9'),('asdf','LOV3UD3NZOU7GVGU'),('asdf','L9N7WXN4WOKQXYEV'),('asdf','2O1IP6827D95CFJM'),('asdf','LO2D3CGB6OMBZEUL'),('asdf','0PAFFWL3EIRSMTRC'),('asdf','OOKBCQWB92PY1ZZH'),('asdf','Z9U1PQ0EYOQ2G3QV'),('asdf','W5X427I48OD6X9RX'),('asdf','76QZNELB8NLPZGHQ'),('asdf','2767DQ0NR5YQCJ8N'),('asdf','ZKLZ2G4PX6VRYZTC'),('asdf','1526P1V27N6GYRP2'),('asdf','5E4YUIO9D3NBK239'),('asdf','SXUZE1EKFP2O5U4D'),('asdf','VGCQFV5924FR4E8M'),('asdf','TEFZ2R8PCDMP0Y6X'),('asdf','O1TS2E3UT9Q8BC1U'),('asdf','98OR7N5QVVNLNLYN'),('asdf','UHMTRGO3ZCP3PO8C'),('asdf','1A3LHKWML1F0VS9G'),('asdf','MT6SG9PDUW4JE4DL'),('asdf','26T3Z6N9COV1OUSM'),('small-test','2SZ4RHDVIHTX9S83'),('small-test','ENTNEV47Q3TG4R96'),('small-test','0I0EN2CS0OA8TCXD'),('small-test','WJ0ML46DWGJ4KZVO'),('small-test','MWJT8G5ZMH5BDETH'),('small-test','4X32GAGYDHKAJO7M'),('small-test','E4HCXAEVQEIJ0JU0'),('small-test','X2SKIU0GP54PW544'),('small-test','JOAA9NLT8SMYDY0A'),('small-test','IW1N8RSUKXFCUJE8'),('small-test','27AVDJ9ACE7T25S8'),('small-test','FLBLHB9PB7QFFLY5'),('small-test','UG3UQYXP4YGIZUNS'),('small-test','3XKP9HOX1174VN3K'),('small-test','6ST8812YTI5102TM'),('small-test','8NH9NG0W8H6BVNJT'),('small-test','P81E5FIZME0YR229'),('small-test','HZA2IRP78JNXXSKL'),('small-test','9M4AFGH2HQD87018'),('small-test','LJBVYO5HLZHUKJ9W'),('small-test','BZHHNOB4HNJY8IHD'),('small-test','M5RZCZAHQLJGAJAX'),('small-test','8CJ5UY4L9LL17GP9'),('small-test','QWNYHYDAE8MB4TFR'),('small-test','HC6V1THNOGY2OSAX'),('small-test','86D1Q0ZXRBCCW8S8'),('small-test','FJG8Y5UTAMYPKPG7'),('small-test','Q1PJTKGBBEMHQHOW'),('small-test','R4938DDR9T82ZDL2'),('small-test','GLWN6WZQWMT4GY49');
/*!40000 ALTER TABLE `test_set_user_login_id` ENABLE KEYS */;
UNLOCK TABLES;
/*!40103 SET TIME_ZONE=@OLD_TIME_ZONE */;

/*!40101 SET SQL_MODE=@OLD_SQL_MODE */;
/*!40014 SET FOREIGN_KEY_CHECKS=@OLD_FOREIGN_KEY_CHECKS */;
/*!40014 SET UNIQUE_CHECKS=@OLD_UNIQUE_CHECKS */;
/*!40101 SET CHARACTER_SET_CLIENT=@OLD_CHARACTER_SET_CLIENT */;
/*!40101 SET CHARACTER_SET_RESULTS=@OLD_CHARACTER_SET_RESULTS */;
/*!40101 SET COLLATION_CONNECTION=@OLD_COLLATION_CONNECTION */;
/*!40111 SET SQL_NOTES=@OLD_SQL_NOTES */;

-- Dump completed on 2017-03-12 14:15:08
