-- MySQL dump 10.13  Distrib 5.7.17, for Linux (x86_64)
--
-- Host: localhost    Database: visual_db
-- ------------------------------------------------------
-- Server version	5.7.17-0ubuntu0.16.04.1

/*!40101 SET @OLD_CHARACTER_SET_CLIENT=@@CHARACTER_SET_CLIENT */;
/*!40101 SET @OLD_CHARACTER_SET_RESULTS=@@CHARACTER_SET_RESULTS */;
/*!40101 SET @OLD_COLLATION_CONNECTION=@@COLLATION_CONNECTION */;
/*!40101 SET NAMES utf8 */;
/*!40103 SET @OLD_TIME_ZONE=@@TIME_ZONE */;
/*!40103 SET TIME_ZONE='+00:00' */;
/*!40014 SET @OLD_UNIQUE_CHECKS=@@UNIQUE_CHECKS, UNIQUE_CHECKS=0 */;
/*!40014 SET @OLD_FOREIGN_KEY_CHECKS=@@FOREIGN_KEY_CHECKS, FOREIGN_KEY_CHECKS=0 */;
/*!40101 SET @OLD_SQL_MODE=@@SQL_MODE, SQL_MODE='NO_AUTO_VALUE_ON_ZERO' */;
/*!40111 SET @OLD_SQL_NOTES=@@SQL_NOTES, SQL_NOTES=0 */;

--
-- Table structure for table `admin`
--

DROP TABLE IF EXISTS `admin`;
/*!40101 SET @saved_cs_client     = @@character_set_client */;
/*!40101 SET character_set_client = utf8 */;
CREATE TABLE `admin` (
  `email` varchar(50) NOT NULL,
  `password` varchar(128) NOT NULL,
  `uuid` varchar(64) DEFAULT NULL,
  UNIQUE KEY `email` (`email`)
) ENGINE=InnoDB DEFAULT CHARSET=latin1;
/*!40101 SET character_set_client = @saved_cs_client */;

--
-- Dumping data for table `admin`
--

LOCK TABLES `admin` WRITE;
/*!40000 ALTER TABLE `admin` DISABLE KEYS */;
INSERT INTO `admin` VALUES ('a','a','b8637916-f07b-4bcd-8631-74abd3e88e6b'),('chuck_norris','1234','abb3f2ad-13ba-4fe5-9223-11126da9f58a'),('root','cs481','68cf2de3-abde-43c6-a828-36a5949084f1');
/*!40000 ALTER TABLE `admin` ENABLE KEYS */;
UNLOCK TABLES;

--
-- Table structure for table `templates`
--

DROP TABLE IF EXISTS `templates`;
/*!40101 SET @saved_cs_client     = @@character_set_client */;
/*!40101 SET character_set_client = utf8 */;
CREATE TABLE `templates` (
  `template_id` varchar(64) DEFAULT NULL,
  `total_data_points` text,
  `graph_type` int(11) DEFAULT NULL
) ENGINE=InnoDB DEFAULT CHARSET=latin1;
/*!40101 SET character_set_client = @saved_cs_client */;

--
-- Dumping data for table `templates`
--

LOCK TABLES `templates` WRITE;
/*!40000 ALTER TABLE `templates` DISABLE KEYS */;
INSERT INTO `templates` VALUES ('Trial 3','78',1),('Template1','20',1),('Template2','20',1),('Template3','20',1),('Template4-Linear','20',2),('Template5-Linear','20',2),('NewTemplate','19',2),('Star-4','42',1),('','20',1);
/*!40000 ALTER TABLE `templates` ENABLE KEYS */;
UNLOCK TABLES;

--
-- Table structure for table `test_set_details`
--

DROP TABLE IF EXISTS `test_set_details`;
/*!40101 SET @saved_cs_client     = @@character_set_client */;
/*!40101 SET character_set_client = utf8 */;
CREATE TABLE `test_set_details` (
  `test_set_id` varchar(64) DEFAULT NULL,
  `wait_time` int(11) DEFAULT NULL,
  `closing_time` varchar(64) DEFAULT NULL,
  `status` int(11) DEFAULT NULL,
  `test_duration` int(11) DEFAULT NULL
) ENGINE=InnoDB DEFAULT CHARSET=latin1;
/*!40101 SET character_set_client = @saved_cs_client */;

--
-- Dumping data for table `test_set_details`
--

LOCK TABLES `test_set_details` WRITE;
/*!40000 ALTER TABLE `test_set_details` DISABLE KEYS */;
INSERT INTO `test_set_details` VALUES ('cs445',20,'',3,120);
/*!40000 ALTER TABLE `test_set_details` ENABLE KEYS */;
UNLOCK TABLES;

--
-- Table structure for table `test_set_result`
--

DROP TABLE IF EXISTS `test_set_result`;
/*!40101 SET @saved_cs_client     = @@character_set_client */;
/*!40101 SET character_set_client = utf8 */;
CREATE TABLE `test_set_result` (
  `template_id` text NOT NULL,
  `login_uuid` text NOT NULL,
  `result` text,
  `time` text,
  `selected_point` text,
  `class` text
) ENGINE=InnoDB DEFAULT CHARSET=latin1;
/*!40101 SET character_set_client = @saved_cs_client */;

--
-- Dumping data for table `test_set_result`
--

LOCK TABLES `test_set_result` WRITE;
/*!40000 ALTER TABLE `test_set_result` DISABLE KEYS */;
INSERT INTO `test_set_result` VALUES ('Template4-Linear','9c68d6cd-8394-4389-9c82-72e07123f2fd','100','59','[4, 4, -1, -1, 3, 4, -1, -1, 4, 8, 7, 7, 8, 7, 7, 8, 7, 8]','[1, 1, 1, 1, 1, 1, 1, 1, 1, 2, 2, 2, 2, 2, 2, 2, 2, 2]'),('Template3','9c68d6cd-8394-4389-9c82-72e07123f2fd','100','85','[18, 19, 18, 18, 18, 18, 18, 18, 18, 18, 18, 18, 18, 18, 18, 18, 18, 18]','[1, 1, 1, 1, 1, 1, 1, 1, 1, 2, 2, 2, 2, 2, 2, 2, 2, 2]'),('Template2','9c68d6cd-8394-4389-9c82-72e07123f2fd','100','68','[17, 18, 18, 18, 18, 18, 17, 18, 17, 18, 18, 18, 18, 18, 18, 18, 18, 18]','[1, 1, 1, 1, 1, 1, 1, 1, 1, 2, 2, 2, 2, 2, 2, 2, 2, 2]'),('Template4-Linear','889aa948-eceb-426d-86a1-998a33f8bec5',NULL,NULL,NULL,NULL),('Template3','889aa948-eceb-426d-86a1-998a33f8bec5',NULL,NULL,NULL,NULL),('Template2','889aa948-eceb-426d-86a1-998a33f8bec5',NULL,NULL,NULL,NULL),('Template4-Linear','269df7d5-6e9b-4985-8520-a10dfeff31d1',NULL,NULL,NULL,NULL),('Template3','269df7d5-6e9b-4985-8520-a10dfeff31d1',NULL,NULL,NULL,NULL),('Template2','269df7d5-6e9b-4985-8520-a10dfeff31d1',NULL,NULL,NULL,NULL),('Template4-Linear','64c0bcc1-97a9-44d4-9879-98ed5e700570',NULL,NULL,NULL,NULL),('Template3','64c0bcc1-97a9-44d4-9879-98ed5e700570',NULL,NULL,NULL,NULL),('Template2','64c0bcc1-97a9-44d4-9879-98ed5e700570',NULL,NULL,NULL,NULL),('Template4-Linear','6f8aa800-8879-43a0-8636-962bf218ab83',NULL,NULL,NULL,NULL),('Template3','6f8aa800-8879-43a0-8636-962bf218ab83',NULL,NULL,NULL,NULL),('Template2','6f8aa800-8879-43a0-8636-962bf218ab83',NULL,NULL,NULL,NULL),('Template4-Linear','908f9fc7-f896-4791-a0f8-0fc91c25a2d8',NULL,NULL,NULL,NULL),('Template3','908f9fc7-f896-4791-a0f8-0fc91c25a2d8',NULL,NULL,NULL,NULL),('Template2','908f9fc7-f896-4791-a0f8-0fc91c25a2d8',NULL,NULL,NULL,NULL),('Template4-Linear','7e026098-bc82-4eb3-844f-89c4a4ea6afc',NULL,NULL,NULL,NULL),('Template3','7e026098-bc82-4eb3-844f-89c4a4ea6afc',NULL,NULL,NULL,NULL),('Template2','7e026098-bc82-4eb3-844f-89c4a4ea6afc',NULL,NULL,NULL,NULL),('Template4-Linear','0aeccb53-d679-4ecf-986e-c8c78fe5482c',NULL,NULL,NULL,NULL),('Template3','0aeccb53-d679-4ecf-986e-c8c78fe5482c',NULL,NULL,NULL,NULL),('Template2','0aeccb53-d679-4ecf-986e-c8c78fe5482c',NULL,NULL,NULL,NULL),('Template4-Linear','1c345d33-5132-46d7-a406-ea4f16c872f2',NULL,NULL,NULL,NULL),('Template3','1c345d33-5132-46d7-a406-ea4f16c872f2',NULL,NULL,NULL,NULL),('Template2','1c345d33-5132-46d7-a406-ea4f16c872f2',NULL,NULL,NULL,NULL),('Template4-Linear','77ef9cf8-9964-431f-b73d-d0a23ea2d215',NULL,NULL,NULL,NULL),('Template3','77ef9cf8-9964-431f-b73d-d0a23ea2d215',NULL,NULL,NULL,NULL),('Template2','77ef9cf8-9964-431f-b73d-d0a23ea2d215',NULL,NULL,NULL,NULL),('Template4-Linear','e95ea80a-c704-4db0-802e-c46c3a58b7ed',NULL,NULL,NULL,NULL),('Template3','e95ea80a-c704-4db0-802e-c46c3a58b7ed',NULL,NULL,NULL,NULL),('Template2','e95ea80a-c704-4db0-802e-c46c3a58b7ed',NULL,NULL,NULL,NULL),('Template4-Linear','37b14eab-8446-470a-8cc9-1e07280990e7',NULL,NULL,NULL,NULL),('Template3','37b14eab-8446-470a-8cc9-1e07280990e7',NULL,NULL,NULL,NULL),('Template2','37b14eab-8446-470a-8cc9-1e07280990e7',NULL,NULL,NULL,NULL),('Template4-Linear','a58ef8b4-74c3-4229-8c7b-624197918041','50','64','[15, -1, -1, -1, -1, -1, -1, -1, -1, 15, 15, 15, 15, 15, 14, 15, 15, 15]','[1, 1, 1, 1, 1, 1, 1, 1, 1, 1, 1, 1, 1, 1, 1, 1, 1, 1]'),('Template3','a58ef8b4-74c3-4229-8c7b-624197918041','100','60','[5, 9, 19, 18, 15, 6, 6, 6, 6, 7, 5, 13, 9, 7, 7, 7, 6, 13]','[1, 1, 1, 1, 1, 1, 1, 1, 1, 2, 2, 2, 2, 2, 2, 2, 2, 2]'),('Template2','a58ef8b4-74c3-4229-8c7b-624197918041','100','91','[5, 3, 8, 6, 4, 9, 9, 8, 5, 9, 13, 11, 14, 12, 11, 11, 6, 11]','[1, 1, 1, 1, 1, 1, 1, 1, 1, 2, 2, 2, 2, 2, 2, 2, 2, 2]'),('Template4-Linear','4efb5585-e0a4-46af-a6fe-83f5fa4b2775',NULL,NULL,NULL,NULL),('Template3','4efb5585-e0a4-46af-a6fe-83f5fa4b2775',NULL,NULL,NULL,NULL),('Template2','4efb5585-e0a4-46af-a6fe-83f5fa4b2775',NULL,NULL,NULL,NULL),('Template4-Linear','9289dab8-34c6-4403-b6aa-2835a484071b',NULL,NULL,NULL,NULL),('Template3','9289dab8-34c6-4403-b6aa-2835a484071b',NULL,NULL,NULL,NULL),('Template2','9289dab8-34c6-4403-b6aa-2835a484071b',NULL,NULL,NULL,NULL),('Template4-Linear','3a22a1bc-3e14-4f3e-aea6-e894127368e7','0','22','[4, 3, 15, 12, 8, 4, 4, 2, 4, 8, 3, 15, 3, 8, 14, 16, 8, 2]','[2, 2, 2, 2, 2, 2, 2, 2, 2, 1, 1, 1, 1, 1, 1, 1, 1, 1]'),('Template3','3a22a1bc-3e14-4f3e-aea6-e894127368e7','100','56','[6, 11, 18, 16, 19, 18, 5, 16, 18, 9, 18, 5, 12, 19, 14, 13, 13, 14]','[1, 1, 1, 1, 1, 1, 1, 1, 1, 2, 2, 2, 2, 2, 2, 2, 2, 2]'),('Template2','3a22a1bc-3e14-4f3e-aea6-e894127368e7','100','88','[14, 14, 14, 14, 14, 14, 14, 14, 14, 2, 2, 2, 2, 2, 2, 2, 2, 2]','[1, 1, 1, 1, 1, 1, 1, 1, 1, 2, 2, 2, 2, 2, 2, 2, 2, 2]'),('Template4-Linear','7e9b1a90-cebf-4258-96a1-42828fc206b8','100','39','[-1, -1, -1, -1, -1, -1, -1, -1, -1, -1, -1, -1, -1, -1, -1, -1, -1, -1]','[1, 1, 1, 1, 1, 1, 1, 1, 1, 2, 2, 2, 2, 2, 2, 2, 2, 2]'),('Template3','7e9b1a90-cebf-4258-96a1-42828fc206b8','100','74','[17, 17, 17, 17, 17, 17, 17, 17, 17, 17, 17, 17, 17, 17, 17, 17, 17, 17]','[1, 1, 1, 1, 1, 1, 1, 1, 1, 2, 2, 2, 2, 2, 2, 2, 2, 2]'),('Template2','7e9b1a90-cebf-4258-96a1-42828fc206b8','100','70','[12, 12, 12, 12, 12, 12, 12, 12, 12, 12, 12, 12, 12, 12, 12, 12, 12, 12]','[1, 1, 1, 1, 1, 1, 1, 1, 1, 2, 2, 2, 2, 2, 2, 2, 2, 2]'),('Template4-Linear','8dd2b681-4b4e-4b92-8bab-030797706b90','88.8888888889','1','[-1, -1, -1, -1, -1, -1, -1, -1, -1, -1, 7, -1, -1, -1, -1, -1, -1, 7]','[1, 1, 1, 1, 1, 1, 1, 1, 1, 2, 1, 2, 2, 2, 2, 2, 2, 1]'),('Template3','8dd2b681-4b4e-4b92-8bab-030797706b90','88.8888888889','0','[-1, -1, -1, -1, -1, -1, -1, -1, -1, -1, 7, -1, -1, -1, -1, -1, -1, 7]','[1, 1, 1, 1, 1, 1, 1, 1, 1, 2, 1, 2, 2, 2, 2, 2, 2, 1]'),('Template2','8dd2b681-4b4e-4b92-8bab-030797706b90','88.8888888889','-1','[-1, -1, -1, -1, -1, -1, -1, -1, -1, -1, 7, -1, -1, -1, -1, -1, -1, 7]','[1, 1, 1, 1, 1, 1, 1, 1, 1, 2, 1, 2, 2, 2, 2, 2, 2, 1]'),('Template4-Linear','3c95ebba-d290-4e53-851b-95d04b63cb11','88.8888888889','1','[-1, -1, -1, 18, -1, 18, 18, -1, 18, 18, -1, 18, 18, 18, 18, -1, -1, -1]','[1, 1, 1, 1, 1, 2, 1, 1, 1, 1, 2, 2, 2, 2, 2, 2, 2, 2]'),('Template3','3c95ebba-d290-4e53-851b-95d04b63cb11','94.4444444444','46','[18, 18, 18, 18, 18, 18, 18, 18, 18, 18, 18, 18, 18, 18, 18, 18, 18, 18]','[1, 1, 1, 1, 1, 1, 1, 1, 1, 2, 2, 2, 2, 1, 2, 2, 2, 2]'),('Template2','3c95ebba-d290-4e53-851b-95d04b63cb11','94.4444444444','1','[18, 18, -1, -1, -1, 18, 18, -1, -1, -1, 18, -1, 18, -1, 18, 18, -1, 18]','[1, 1, 1, 1, 1, 1, 1, 1, 1, 2, 1, 2, 2, 2, 2, 2, 2, 2]'),('Template4-Linear','86f6e83c-994e-45ec-a29e-1c866a20d16f',NULL,NULL,NULL,NULL),('Template3','86f6e83c-994e-45ec-a29e-1c866a20d16f',NULL,NULL,NULL,NULL),('Template2','86f6e83c-994e-45ec-a29e-1c866a20d16f',NULL,NULL,NULL,NULL),('Template4-Linear','e8e5558e-c8ad-4ce4-9c19-79b9ad252ff2','100','1','[15, -1, -1, -1, -1, -1, -1, -1, -1, -1, -1, -1, -1, -1, -1, -1, -1, -1]','[1, 1, 1, 1, 1, 1, 1, 1, 1, 2, 2, 2, 2, 2, 2, 2, 2, 2]'),('Template3','e8e5558e-c8ad-4ce4-9c19-79b9ad252ff2','100','42','[6, 6, 6, 6, 6, 6, 6, 6, 6, 17, 17, 17, -1, 17, 17, 17, 17, 17]','[1, 1, 1, 1, 1, 1, 1, 1, 1, 2, 2, 2, 2, 2, 2, 2, 2, 2]'),('Template2','e8e5558e-c8ad-4ce4-9c19-79b9ad252ff2','100','39','[3, 0, 3, 0, 3, 14, 3, 14, 0, 2, 2, 2, 2, 8, 2, 2, 2, 2]','[1, 1, 1, 1, 1, 1, 1, 1, 1, 2, 2, 2, 2, 2, 2, 2, 2, 2]'),('Template4-Linear','af93fa0d-a2db-4b53-a8eb-4c993ba789d7','83.3333333333','1','[14, -1, -1, -1, -1, 4, -1, 11, -1, 11, -1, -1, -1, -1, -1, 4, -1, -1]','[1, 1, 1, 1, 1, 1, 1, 2, 1, 1, 2, 2, 2, 2, 2, 1, 2, 2]'),('Template3','af93fa0d-a2db-4b53-a8eb-4c993ba789d7','100','1','[-1, -1, -1, -1, -1, -1, -1, -1, -1, -1, -1, -1, -1, -1, -1, -1, -1, -1]','[1, 1, 1, 1, 1, 1, 1, 1, 1, 2, 2, 2, 2, 2, 2, 2, 2, 2]'),('Template2','af93fa0d-a2db-4b53-a8eb-4c993ba789d7','100','37','[14, 14, 14, 14, 14, 14, 14, 14, 14, 4, 4, 4, 4, 4, 4, 4, 4, 4]','[1, 1, 1, 1, 1, 1, 1, 1, 1, 2, 2, 2, 2, 2, 2, 2, 2, 2]'),('Template4-Linear','23809b2c-1600-4c83-a00f-e1e95560c58b','55.5555555556','1','[6, 6, -1, 11, 10, -1, 11, 6, -1, 10, 13, 13, 14, -1, 13, 4, 5, 13]','[1, 2, 1, 1, 2, 1, 1, 2, 1, 2, 1, 2, 2, 2, 1, 1, 1, 1]'),('Template3','23809b2c-1600-4c83-a00f-e1e95560c58b','100','59','[15, 17, 15, 1, 2, 19, 9, 15, 16, 14, 14, 17, 17, 14, 17, 11, 18, 14]','[1, 1, 1, 1, 1, 1, 1, 1, 1, 2, 2, 2, 2, 2, 2, 2, 2, 2]'),('Template2','23809b2c-1600-4c83-a00f-e1e95560c58b','100','70','[17, 9, 9, 16, 19, 3, 1, 10, 15, 13, 5, 5, 18, 14, 13, 15, 14, 11]','[1, 1, 1, 1, 1, 1, 1, 1, 1, 2, 2, 2, 2, 2, 2, 2, 2, 2]'),('Template4-Linear','970d8475-820b-4b96-b6ed-92e8a0565bc4','0','4','[4, 4, 4, 4, 4, 4, 4, 4, 4, 10, 10, 10, 10, 10, 10, 10, 10, 10]','[2, 2, 2, 2, 2, 2, 2, 2, 2, 1, 1, 1, 1, 1, 1, 1, 1, 1]'),('Template3','970d8475-820b-4b96-b6ed-92e8a0565bc4','100','84','[6, 6, 6, 6, 6, 6, 6, 6, 6, 4, 4, 4, 4, 4, 4, 4, 4, 4]','[1, 1, 1, 1, 1, 1, 1, 1, 1, 2, 2, 2, 2, 2, 2, 2, 2, 2]'),('Template2','970d8475-820b-4b96-b6ed-92e8a0565bc4','94.4444444444','70','[5, 5, 5, 5, 5, 5, 5, 5, -1, 12, 12, 12, 12, 12, 12, 12, 5, 12]','[1, 1, 1, 1, 1, 1, 1, 1, 1, 2, 2, 2, 2, 2, 2, 2, 1, 2]'),('Template4-Linear','51aa8d14-6bec-4228-abcd-26e878ef7a0c',NULL,NULL,NULL,NULL),('Template3','51aa8d14-6bec-4228-abcd-26e878ef7a0c',NULL,NULL,NULL,NULL),('Template2','51aa8d14-6bec-4228-abcd-26e878ef7a0c',NULL,NULL,NULL,NULL),('Template4-Linear','d10739f4-021b-402f-89fb-e38b0865ab5e','77.7777777778','1','[0, -1, -1, -1, -1, -1, -1, -1, -1, -1, 17, -1, 5, -1, -1, 3, -1, 18]','[1, 1, 1, 1, 1, 1, 1, 1, 1, 2, 1, 2, 1, 2, 2, 1, 2, 1]'),('Template3','d10739f4-021b-402f-89fb-e38b0865ab5e','83.3333333333','1','[8, 16, 15, 3, 1, 0, 9, 18, 17, -1, 6, -1, 4, -1, -1, -1, 2, -1]','[1, 1, 1, 1, 1, 1, 1, 1, 1, 2, 1, 2, 1, 2, 2, 2, 1, 2]'),('Template2','d10739f4-021b-402f-89fb-e38b0865ab5e','83.3333333333','1','[14, 17, 8, 3, 3, 4, 7, 10, 0, -1, -1, -1, -1, 6, 5, 5, -1, -1]','[1, 1, 1, 1, 1, 1, 1, 1, 1, 2, 2, 2, 2, 1, 1, 1, 2, 2]'),('Template4-Linear','fe55a677-e064-4e73-abb2-9980a553cd0d','22.2222222222','1','[7, -1, 7, 8, -1, 7, 8, 7, 7, 2, 3, -1, 2, 2, -1, 3, 2, 3]','[2, 1, 2, 2, 1, 2, 2, 2, 2, 1, 1, 2, 1, 1, 2, 1, 1, 1]'),('Template3','fe55a677-e064-4e73-abb2-9980a553cd0d','100','63','[6, 6, 6, 6, 6, 6, 6, 6, 5, 5, 5, 4, 5, 5, 5, 5, 3, 5]','[1, 1, 1, 1, 1, 1, 1, 1, 1, 2, 2, 2, 2, 2, 2, 2, 2, 2]'),('Template2','fe55a677-e064-4e73-abb2-9980a553cd0d','94.4444444444','72','[9, 9, 9, 9, 9, 9, 9, 9, 9, 3, 3, 3, 3, 3, 3, 3, 3, 3]','[1, 1, 1, 1, 1, 1, 1, 1, 1, 2, 2, 2, 2, 2, 2, 2, 1, 2]'),('Template4-Linear','eb20480f-0346-420f-af6b-1e89e23b5e84','5.55555555556','22','[0, 4, 3, 4, 4, 4, 4, 4, 4, 3, 3, 3, 3, 3, 3, 1, 3, 3]','[1, 2, 2, 2, 2, 2, 2, 2, 2, 1, 1, 1, 1, 1, 1, 1, 1, 1]'),('Template3','eb20480f-0346-420f-af6b-1e89e23b5e84','100','59','[5, 5, 5, 5, 5, 5, 5, 5, 5, 5, 5, 5, 5, 5, 5, 5, 5, 5]','[1, 1, 1, 1, 1, 1, 1, 1, 1, 2, 2, 2, 2, 2, 2, 2, 2, 2]'),('Template2','eb20480f-0346-420f-af6b-1e89e23b5e84','100','90','[14, 14, 14, 14, 14, 14, 14, 14, 14, 14, 14, 14, 14, 14, 14, 14, 14, 14]','[1, 1, 1, 1, 1, 1, 1, 1, 1, 2, 2, 2, 2, 2, 2, 2, 2, 2]'),('Template4-Linear','b0eb213f-300f-44b3-85c4-2b78fbd99285','27.7777777778','0','[4, 4, 4, 4, 5, 4, 4, 8, 8, 2, 7, 2, 2, 2, 7, 8, 8, 9]','[2, 2, 2, 2, 2, 2, 2, 1, 1, 1, 1, 1, 1, 1, 2, 2, 2, 1]'),('Template3','b0eb213f-300f-44b3-85c4-2b78fbd99285','27.7777777778','1','[4, 4, 4, 4, 5, 4, 4, 8, 8, 2, 7, 2, 2, 2, 7, 8, 8, 9]','[2, 2, 2, 2, 2, 2, 2, 1, 1, 1, 1, 1, 1, 1, 2, 2, 2, 1]'),('Template2','b0eb213f-300f-44b3-85c4-2b78fbd99285','27.7777777778','0','[4, 4, 4, 4, 5, 4, 4, 8, 8, 2, 7, 2, 2, 2, 7, 8, 8, 9]','[2, 2, 2, 2, 2, 2, 2, 1, 1, 1, 1, 1, 1, 1, 2, 2, 2, 1]'),('Template4-Linear','e2983601-ac11-4064-ab8f-5cd552c88ccd','61.1111111111','52','[0, 0, 0, 9, 2, 7, 5, 16, 6, 4, 3, 2, 2, 10, 1, 5, 3, 3]','[1, 1, 1, 1, 1, 1, 2, 1, 2, 1, 1, 1, 2, 2, 2, 2, 1, 1]'),('Template3','e2983601-ac11-4064-ab8f-5cd552c88ccd','100','84','[6, 6, 9, 9, 6, 6, 6, 6, 6, 13, 7, 8, 19, 7, 9, 9, 8, 13]','[1, 1, 1, 1, 1, 1, 1, 1, 1, 2, 2, 2, 2, 2, 2, 2, 2, 2]'),('Template2','e2983601-ac11-4064-ab8f-5cd552c88ccd','100','85','[15, 14, 14, 16, 14, 11, 14, 10, 14, 2, 10, 5, 2, 7, 17, 1, 14, 1]','[1, 1, 1, 1, 1, 1, 1, 1, 1, 2, 2, 2, 2, 2, 2, 2, 2, 2]'),('Template4-Linear','116b93af-2a34-427c-a05b-a4536a63ea22','50','64','[-1, 8, 8, -1, -1, 8, -1, 8, 3, 6, 6, 15, 15, 15, 15, 15, 2, 15]','[1, 1, 1, 1, 1, 1, 1, 1, 1, 1, 1, 1, 1, 1, 1, 1, 1, 1]'),('Template3','116b93af-2a34-427c-a05b-a4536a63ea22','55.5555555556','73','[-1, -1, -1, -1, -1, -1, -1, -1, -1, 7, 6, -1, 6, 7, 7, 7, 6, 7]','[1, 1, 1, 1, 1, 1, 1, 1, 1, 1, 1, 2, 1, 1, 1, 1, 1, 1]'),('Template2','116b93af-2a34-427c-a05b-a4536a63ea22','88.8888888889','73','[9, 10, 9, 9, 9, 10, 9, 10, 10, 10, 10, 5, 8, 10, 9, 9, 10, 10]','[1, 1, 1, 1, 1, 1, 1, 1, 1, 2, 2, 1, 2, 2, 2, 1, 2, 2]'),('Template4-Linear','21562aa1-dcc5-4ca5-b5e6-9bf5be7a3c71','66.6666666667','1','[-1, -1, 16, -1, 4, -1, -1, 7, 16, 10, -1, -1, 13, 4, 8, -1, 10, -1]','[1, 1, 1, 1, 2, 1, 1, 1, 2, 1, 2, 2, 1, 1, 1, 2, 2, 2]'),('Template3','21562aa1-dcc5-4ca5-b5e6-9bf5be7a3c71','100','66','[0, 19, 18, 16, 6, 18, 1, 16, 15, 6, 1, 9, 7, 18, 4, 18, 2, 2]','[1, 1, 1, 1, 1, 1, 1, 1, 1, 2, 2, 2, 2, 2, 2, 2, 2, 2]'),('Template2','21562aa1-dcc5-4ca5-b5e6-9bf5be7a3c71','100','79','[1, 5, 3, 9, 4, 17, 3, -1, -1, 9, 10, 1, 13, 12, 6, 12, 5, 18]','[1, 1, 1, 1, 1, 1, 1, 1, 1, 2, 2, 2, 2, 2, 2, 2, 2, 2]'),('Template4-Linear','fe05ab53-03c5-4fa1-acfd-ac1a1424b0b6',NULL,NULL,NULL,NULL),('Template3','fe05ab53-03c5-4fa1-acfd-ac1a1424b0b6',NULL,NULL,NULL,NULL),('Template2','fe05ab53-03c5-4fa1-acfd-ac1a1424b0b6',NULL,NULL,NULL,NULL),('Template4-Linear','539749c7-499e-465c-b559-5f94d179469f',NULL,NULL,NULL,NULL),('Template3','539749c7-499e-465c-b559-5f94d179469f',NULL,NULL,NULL,NULL),('Template2','539749c7-499e-465c-b559-5f94d179469f',NULL,NULL,NULL,NULL),('Template4-Linear','80f17e4e-dc1d-4561-809a-31e3635f2dc7',NULL,NULL,NULL,NULL),('Template3','80f17e4e-dc1d-4561-809a-31e3635f2dc7',NULL,NULL,NULL,NULL),('Template2','80f17e4e-dc1d-4561-809a-31e3635f2dc7',NULL,NULL,NULL,NULL),('Template4-Linear','9c6d343e-60bf-4e96-8d29-f6ef7bfeb35c',NULL,NULL,NULL,NULL),('Template3','9c6d343e-60bf-4e96-8d29-f6ef7bfeb35c',NULL,NULL,NULL,NULL),('Template2','9c6d343e-60bf-4e96-8d29-f6ef7bfeb35c',NULL,NULL,NULL,NULL),('Template4-Linear','c32a7d65-b02b-4f3a-8218-7d56e8a35050',NULL,NULL,NULL,NULL),('Template3','c32a7d65-b02b-4f3a-8218-7d56e8a35050',NULL,NULL,NULL,NULL),('Template2','c32a7d65-b02b-4f3a-8218-7d56e8a35050',NULL,NULL,NULL,NULL),('Template4-Linear','222a40e8-5ced-436d-850a-aa8b24a81827',NULL,NULL,NULL,NULL),('Template3','222a40e8-5ced-436d-850a-aa8b24a81827',NULL,NULL,NULL,NULL),('Template2','222a40e8-5ced-436d-850a-aa8b24a81827',NULL,NULL,NULL,NULL),('Template4-Linear','c5f03489-288c-4a01-9b19-848147d5a023',NULL,NULL,NULL,NULL),('Template3','c5f03489-288c-4a01-9b19-848147d5a023',NULL,NULL,NULL,NULL),('Template2','c5f03489-288c-4a01-9b19-848147d5a023',NULL,NULL,NULL,NULL),('Template4-Linear','e0c13a98-a268-446e-af7b-2ffed1664a20',NULL,NULL,NULL,NULL),('Template3','e0c13a98-a268-446e-af7b-2ffed1664a20',NULL,NULL,NULL,NULL),('Template2','e0c13a98-a268-446e-af7b-2ffed1664a20',NULL,NULL,NULL,NULL),('Template4-Linear','70babe71-abcf-4906-ae77-7d537371fcca',NULL,NULL,NULL,NULL),('Template3','70babe71-abcf-4906-ae77-7d537371fcca',NULL,NULL,NULL,NULL),('Template2','70babe71-abcf-4906-ae77-7d537371fcca',NULL,NULL,NULL,NULL),('Template4-Linear','eabed6be-31bf-4cf1-bb5b-1f6106466d9e',NULL,NULL,NULL,NULL),('Template3','eabed6be-31bf-4cf1-bb5b-1f6106466d9e',NULL,NULL,NULL,NULL),('Template2','eabed6be-31bf-4cf1-bb5b-1f6106466d9e',NULL,NULL,NULL,NULL),('Template4-Linear','691fd0f0-4abe-4d6e-8947-5ccfab5ed696',NULL,NULL,NULL,NULL),('Template3','691fd0f0-4abe-4d6e-8947-5ccfab5ed696',NULL,NULL,NULL,NULL),('Template2','691fd0f0-4abe-4d6e-8947-5ccfab5ed696',NULL,NULL,NULL,NULL),('Template4-Linear','642f0f1e-ecd7-4dd3-99e9-d760ed2a5ba0',NULL,NULL,NULL,NULL),('Template3','642f0f1e-ecd7-4dd3-99e9-d760ed2a5ba0',NULL,NULL,NULL,NULL),('Template2','642f0f1e-ecd7-4dd3-99e9-d760ed2a5ba0',NULL,NULL,NULL,NULL),('Template4-Linear','eec9ead8-445f-490a-9a87-1f946d9f1af9',NULL,NULL,NULL,NULL),('Template3','eec9ead8-445f-490a-9a87-1f946d9f1af9',NULL,NULL,NULL,NULL),('Template2','eec9ead8-445f-490a-9a87-1f946d9f1af9',NULL,NULL,NULL,NULL);
/*!40000 ALTER TABLE `test_set_result` ENABLE KEYS */;
UNLOCK TABLES;

--
-- Table structure for table `test_set_template_list`
--

DROP TABLE IF EXISTS `test_set_template_list`;
/*!40101 SET @saved_cs_client     = @@character_set_client */;
/*!40101 SET character_set_client = utf8 */;
CREATE TABLE `test_set_template_list` (
  `test_set_id` varchar(64) DEFAULT NULL,
  `template_id` varchar(64) DEFAULT NULL,
  `class1_parent_data_points` text,
  `class2_parent_data_points` text,
  `class2_generated_data_points` text,
  `class1_generated_data_points` text
) ENGINE=InnoDB DEFAULT CHARSET=latin1;
/*!40101 SET character_set_client = @saved_cs_client */;

--
-- Dumping data for table `test_set_template_list`
--

LOCK TABLES `test_set_template_list` WRITE;
/*!40000 ALTER TABLE `test_set_template_list` DISABLE KEYS */;
INSERT INTO `test_set_template_list` VALUES ('cs445','Template4-Linear','[45, 83, 31, 80, 80, 83, 38, 4, 94, 31, 29, 4, 96, 88, 9, 84, 98, 3, 34, 25]','[23, 44, 93, 51, 75, 4, 42, 69, 52, 72, 0, 15, 63, 8, 31, 97, 44, 78, 36, 12]','[[21.0, 40.300000000000004, 84.10000000000001, 46.199999999999996, 68.3, 4.1, 38.50000000000001, 62.6, 47.6, 65.2, 0.8, 14.0, 57.300000000000004, 7.800000000000001, 28.200000000000003, 87.89999999999999, 40.0, 71.0, 33.1, 11.100000000000001], [21.7, 40.1, 84.5, 46.9, 68.3, 3.9000000000000004, 38.50000000000001, 62.9, 47.800000000000004, 65.7, 0.9, 14.0, 57.6, 7.9, 28.6, 87.7, 40.4, 70.9, 32.699999999999996, 11.5], [21.7, 40.2, 84.4, 46.4, 68.2, 4.1, 38.800000000000004, 62.9, 47.400000000000006, 65.6, 0.9, 14.3, 57.6, 8.1, 28.8, 88.0, 40.6, 70.60000000000001, 32.8, 11.700000000000001], [21.0, 40.4, 84.2, 46.5, 68.0, 4.6, 38.6, 62.4, 47.6, 65.8, 0.7000000000000001, 14.3, 57.6, 7.9, 28.500000000000004, 88.1, 40.2, 70.7, 33.4, 11.4], [21.0, 40.300000000000004, 84.2, 46.4, 68.2, 4.1, 38.300000000000004, 62.7, 47.6, 65.3, 0.7000000000000001, 13.8, 57.7, 7.7, 28.900000000000002, 88.2, 40.0, 70.60000000000001, 33.0, 11.100000000000001], [21.2, 40.2, 84.10000000000001, 46.6, 68.2, 3.9000000000000004, 38.6, 62.7, 47.300000000000004, 65.3, 0.9, 14.2, 57.6, 8.0, 28.8, 87.8, 40.300000000000004, 70.60000000000001, 32.699999999999996, 11.8], [21.099999999999998, 40.0, 84.60000000000001, 46.3, 68.1, 4.0, 38.6, 63.1, 47.300000000000004, 65.39999999999999, 1.0, 13.8, 57.400000000000006, 7.9, 28.200000000000003, 88.1, 40.4, 70.8, 33.199999999999996, 11.200000000000001], [21.5, 40.5, 84.0, 46.199999999999996, 68.2, 3.9000000000000004, 38.7, 63.1, 47.50000000000001, 65.3, 0.5, 14.3, 57.400000000000006, 8.1, 28.6, 87.6, 40.300000000000004, 71.10000000000001, 32.9, 11.600000000000001], [21.4, 40.4, 84.7, 46.699999999999996, 68.3, 4.6, 38.1, 62.4, 47.800000000000004, 65.3, 0.30000000000000004, 14.0, 57.2, 7.7, 28.6, 87.8, 40.6, 70.8, 32.8, 11.600000000000001]]','[[41.3, 75.10000000000001, 28.6, 72.4, 72.5, 75.0, 35.1, 4.1, 85.4, 28.400000000000002, 26.5, 4.4, 86.9, 79.9, 8.6, 76.2, 89.0, 3.1, 31.5, 23.5], [41.3, 75.5, 28.3, 73.0, 72.8, 75.60000000000001, 34.7, 4.3, 85.2, 28.500000000000004, 26.5, 4.3, 87.10000000000001, 80.0, 8.9, 75.9, 89.2, 3.7, 31.3, 23.3], [40.9, 75.10000000000001, 28.700000000000003, 72.9, 72.7, 75.0, 35.0, 4.6, 85.2, 28.700000000000003, 26.900000000000002, 4.6, 86.9, 79.7, 8.9, 76.10000000000001, 88.7, 3.1, 30.900000000000002, 23.3], [41.2, 75.0, 28.200000000000003, 72.7, 72.8, 75.0, 35.1, 4.0, 85.10000000000001, 28.3, 26.5, 4.5, 87.4, 79.5, 8.4, 76.30000000000001, 88.8, 3.6, 30.900000000000002, 23.3], [41.0, 75.10000000000001, 28.3, 72.8, 72.7, 75.2, 34.6, 4.1, 85.4, 28.3, 26.900000000000002, 4.5, 86.9, 79.5, 9.0, 76.10000000000001, 88.5, 3.3000000000000003, 31.200000000000003, 23.2], [40.8, 75.60000000000001, 28.6, 72.7, 72.8, 75.60000000000001, 34.900000000000006, 4.0, 85.60000000000001, 28.400000000000002, 27.1, 4.5, 86.9, 80.2, 8.5, 76.00000000000001, 88.7, 3.7, 31.0, 23.0], [41.0, 75.10000000000001, 28.3, 73.0, 73.0, 75.7, 34.7, 4.5, 85.00000000000001, 28.500000000000004, 27.1, 3.9000000000000004, 87.4, 79.5, 9.1, 76.00000000000001, 89.10000000000001, 3.4000000000000004, 31.400000000000002, 23.0], [41.2, 75.10000000000001, 28.900000000000002, 72.7, 72.4, 75.60000000000001, 34.7, 4.4, 85.4, 28.400000000000002, 26.8, 4.1, 86.9, 80.10000000000001, 8.6, 76.60000000000001, 88.8, 3.5, 31.400000000000002, 23.5], [40.9, 75.10000000000001, 28.3, 72.3, 72.3, 75.60000000000001, 34.6, 4.0, 85.00000000000001, 28.6, 26.400000000000002, 4.3, 87.4, 79.5, 8.7, 76.10000000000001, 89.2, 3.1, 30.900000000000002, 23.1]]'),('cs445','Template3','[64, 77, 70, 52, 49, 45, 15, 39, 67, 75, 30, 76, 3, 89, 52, 67, 35, 13, 52, 55]','[70, 51, 96, 15, 1, 17, 99, 64, 54, 14, 80, 80, 62, 88, 60, 94, 35, 30, 44, 23]','[[63.8, 46.199999999999996, 87.0, 14.0, 1.4, 15.600000000000001, 90.00000000000001, 57.9, 49.300000000000004, 13.4, 72.8, 72.8, 56.7, 80.10000000000001, 54.7, 85.60000000000001, 32.3, 27.8, 40.2, 21.5], [64.0, 46.3, 86.7, 14.1, 1.9, 15.8, 89.9, 58.0, 48.9, 13.4, 73.0, 72.6, 56.6, 80.2, 54.7, 84.9, 32.1, 28.0, 40.300000000000004, 21.0], [63.6, 46.699999999999996, 87.0, 14.3, 1.9, 15.600000000000001, 89.50000000000001, 58.300000000000004, 49.300000000000004, 13.0, 72.7, 72.6, 56.2, 80.2, 54.4, 85.50000000000001, 32.3, 27.3, 40.4, 21.599999999999998], [63.6, 46.4, 87.0, 14.5, 1.2000000000000002, 16.1, 90.10000000000001, 58.0, 49.300000000000004, 13.5, 72.4, 72.6, 56.50000000000001, 79.7, 54.6, 85.50000000000001, 32.4, 27.6, 40.1, 21.3], [63.5, 46.9, 86.7, 14.3, 1.7000000000000002, 15.8, 89.7, 58.1, 49.300000000000004, 13.2, 72.3, 72.9, 56.6, 80.0, 54.9, 85.10000000000001, 32.2, 28.0, 40.1, 21.7], [63.6, 46.699999999999996, 87.30000000000001, 14.3, 1.6, 16.1, 90.10000000000001, 58.2, 49.6, 13.1, 73.0, 72.6, 56.7, 80.2, 54.3, 84.9, 32.5, 27.4, 40.2, 21.7], [63.9, 46.6, 86.7, 13.8, 1.2000000000000002, 15.600000000000001, 90.10000000000001, 58.2, 49.2, 13.5, 72.4, 72.3, 56.300000000000004, 79.60000000000001, 54.7, 85.2, 32.4, 27.7, 40.4, 21.4], [63.6, 46.3, 86.9, 13.8, 1.9, 15.700000000000001, 89.60000000000001, 58.6, 49.300000000000004, 13.5, 72.4, 72.3, 56.2, 79.9, 54.6, 85.10000000000001, 31.8, 28.0, 40.1, 21.099999999999998], [64.0, 46.8, 87.0, 13.8, 1.4, 15.8, 90.10000000000001, 57.9, 49.0, 13.2, 72.9, 72.5, 56.2, 79.8, 55.0, 85.2, 32.5, 27.6, 40.2, 21.4]]','[[57.9, 69.6, 63.3, 47.1, 44.4, 41.5, 14.1, 35.6, 61.1, 67.8, 27.3, 69.4, 3.2, 80.4, 47.800000000000004, 60.900000000000006, 31.9, 12.000000000000002, 47.800000000000004, 50.3], [58.300000000000004, 69.6, 63.9, 47.7, 45.0, 41.0, 14.3, 36.1, 61.00000000000001, 68.2, 27.3, 69.30000000000001, 3.5, 80.9, 47.800000000000004, 61.1, 32.4, 12.600000000000001, 47.2, 49.8], [58.1, 69.6, 63.9, 47.400000000000006, 44.5, 41.5, 14.5, 35.4, 60.6, 68.3, 27.9, 68.80000000000001, 3.3000000000000003, 80.4, 47.400000000000006, 61.2, 31.9, 12.3, 47.800000000000004, 50.3], [58.4, 70.0, 63.6, 47.1, 44.6, 41.0, 14.2, 36.0, 61.00000000000001, 67.9, 27.5, 68.9, 3.5, 81.00000000000001, 47.400000000000006, 60.800000000000004, 31.9, 12.100000000000001, 47.2, 50.4], [58.6, 69.89999999999999, 63.4, 47.800000000000004, 45.0, 40.9, 13.8, 35.7, 61.2, 67.9, 27.9, 69.4, 3.3000000000000003, 80.80000000000001, 47.7, 60.6, 32.3, 12.3, 47.7, 50.4], [58.4, 69.6, 63.5, 47.400000000000006, 44.5, 40.8, 14.2, 35.9, 60.800000000000004, 68.1, 27.6, 69.0, 3.7, 81.10000000000001, 47.1, 61.2, 32.4, 12.500000000000002, 47.2, 50.3], [58.6, 69.6, 63.3, 47.2, 44.5, 41.3, 14.4, 36.0, 60.900000000000006, 68.0, 27.9, 69.0, 3.6, 80.50000000000001, 47.400000000000006, 60.800000000000004, 32.2, 12.4, 47.300000000000004, 49.8], [57.9, 70.2, 63.8, 47.800000000000004, 44.800000000000004, 41.0, 14.4, 36.0, 61.2, 67.9, 27.8, 69.2, 3.4000000000000004, 81.10000000000001, 47.6, 61.2, 32.1, 12.4, 47.400000000000006, 50.5], [58.2, 69.8, 63.9, 47.300000000000004, 44.6, 41.2, 14.1, 35.7, 61.00000000000001, 67.9, 27.6, 69.4, 3.1, 80.60000000000001, 47.400000000000006, 60.6, 32.1, 12.4, 47.300000000000004, 50.1]]'),('cs445','Template2','[8, 77, 29, 43, 9, 100, 14, 8, 10, 33, 92, 40, 17, 39, 40, 67, 37, 74, 1, 90]','[15, 94, 62, 25, 92, 63, 60, 81, 76, 76, 44, 78, 43, 29, 52, 72, 6, 88, 32, 70]','[[13.9, 85.60000000000001, 56.400000000000006, 23.4, 83.2, 57.7, 54.3, 73.5, 69.4, 68.7, 40.300000000000004, 70.60000000000001, 39.7, 26.6, 47.50000000000001, 65.7, 5.7, 79.7, 29.8, 64.0], [14.2, 85.00000000000001, 56.800000000000004, 22.9, 83.2, 57.2, 54.3, 73.9, 68.9, 69.10000000000001, 40.4, 71.0, 39.2, 26.700000000000003, 47.300000000000004, 65.8, 6.300000000000001, 79.9, 29.5, 64.0], [14.4, 85.30000000000001, 56.50000000000001, 23.4, 83.7, 57.6, 54.3, 73.80000000000001, 69.0, 69.0, 40.1, 70.60000000000001, 39.1, 26.5, 47.400000000000006, 65.3, 6.0, 79.5, 29.400000000000002, 63.6], [14.3, 85.4, 56.800000000000004, 23.0, 83.6, 57.0, 54.5, 73.80000000000001, 68.7, 68.7, 40.0, 70.5, 39.1, 26.700000000000003, 47.2, 65.5, 5.800000000000001, 79.9, 29.1, 63.7], [14.4, 85.4, 56.300000000000004, 23.2, 83.2, 57.5, 54.5, 73.30000000000001, 69.0, 68.7, 40.5, 71.0, 39.300000000000004, 27.1, 47.6, 65.1, 5.800000000000001, 80.2, 29.2, 63.8], [13.8, 85.00000000000001, 56.300000000000004, 23.1, 83.39999999999999, 57.0, 54.7, 73.30000000000001, 69.4, 68.7, 39.9, 70.9, 39.0, 26.900000000000002, 47.50000000000001, 65.2, 5.800000000000001, 79.7, 29.1, 63.4], [13.9, 84.9, 56.50000000000001, 23.1, 83.5, 57.1, 54.3, 73.9, 68.7, 69.10000000000001, 39.9, 70.8, 39.0, 26.8, 47.7, 65.39999999999999, 6.1000000000000005, 79.60000000000001, 29.8, 63.6], [14.3, 85.30000000000001, 56.2, 22.8, 83.6, 57.5, 54.3, 73.5, 69.30000000000001, 68.80000000000001, 40.4, 71.10000000000001, 39.400000000000006, 26.400000000000002, 47.800000000000004, 65.5, 6.300000000000001, 80.2, 29.1, 63.9], [14.4, 85.50000000000001, 56.2, 22.8, 83.6, 57.5, 54.7, 73.80000000000001, 69.2, 69.30000000000001, 40.5, 70.7, 39.2, 27.0, 47.400000000000006, 65.7, 6.300000000000001, 79.60000000000001, 29.2, 63.8]]','[[8.1, 69.7, 27.0, 39.2, 8.7, 90.5, 13.299999999999999, 8.2, 9.7, 30.099999999999998, 83.2, 36.7, 16.1, 35.5, 36.6, 60.6, 34.1, 67.60000000000001, 1.8, 81.6], [8.1, 70.1, 26.6, 39.2, 8.5, 90.9, 13.2, 7.5, 9.6, 30.599999999999998, 83.7, 36.3, 15.600000000000001, 36.1, 36.4, 61.1, 34.1, 67.50000000000001, 1.5, 81.4], [7.5, 70.2, 26.700000000000003, 39.5, 8.4, 90.9, 13.299999999999999, 8.1, 9.3, 30.099999999999998, 83.5, 36.8, 15.600000000000001, 35.7, 36.9, 61.300000000000004, 33.6, 67.4, 1.4, 81.8], [7.800000000000001, 70.1, 26.6, 39.0, 8.799999999999999, 90.5, 13.6, 7.6000000000000005, 9.3, 30.5, 83.1, 36.7, 16.2, 35.800000000000004, 36.4, 61.1, 33.7, 67.00000000000001, 1.5, 81.4], [8.2, 70.3, 26.900000000000002, 39.2, 8.7, 90.9, 13.5, 7.9, 9.9, 30.7, 83.7, 36.7, 15.8, 35.800000000000004, 36.6, 61.2, 33.6, 67.10000000000001, 1.8, 81.8], [7.6000000000000005, 70.1, 26.400000000000002, 39.6, 8.5, 90.5, 12.9, 8.0, 9.3, 30.099999999999998, 83.8, 36.8, 16.0, 35.6, 36.5, 60.900000000000006, 33.7, 67.60000000000001, 1.9, 82.0], [7.7, 70.2, 27.0, 39.5, 8.5, 90.5, 13.299999999999999, 7.6000000000000005, 9.8, 30.2, 83.1, 36.8, 16.0, 35.800000000000004, 36.9, 61.300000000000004, 34.1, 67.30000000000001, 1.9, 81.4], [8.1, 70.0, 26.6, 39.5, 8.7, 90.4, 13.6, 7.6000000000000005, 9.7, 30.0, 83.2, 36.4, 15.700000000000001, 36.1, 37.0, 60.900000000000006, 33.900000000000006, 67.30000000000001, 1.2000000000000002, 81.8], [8.2, 70.2, 27.1, 39.300000000000004, 8.4, 90.4, 13.2, 7.6000000000000005, 9.6, 30.2, 83.2, 36.9, 15.8, 35.6, 36.5, 60.6, 33.900000000000006, 66.9, 1.5, 81.3]]');
/*!40000 ALTER TABLE `test_set_template_list` ENABLE KEYS */;
UNLOCK TABLES;

--
-- Table structure for table `test_set_user_login_id`
--

DROP TABLE IF EXISTS `test_set_user_login_id`;
/*!40101 SET @saved_cs_client     = @@character_set_client */;
/*!40101 SET character_set_client = utf8 */;
CREATE TABLE `test_set_user_login_id` (
  `test_set_id` varchar(64) DEFAULT NULL,
  `login_uuid` varchar(64) DEFAULT NULL
) ENGINE=InnoDB DEFAULT CHARSET=latin1;
/*!40101 SET character_set_client = @saved_cs_client */;

--
-- Dumping data for table `test_set_user_login_id`
--

LOCK TABLES `test_set_user_login_id` WRITE;
/*!40000 ALTER TABLE `test_set_user_login_id` DISABLE KEYS */;
INSERT INTO `test_set_user_login_id` VALUES ('cs445','9c68d6cd-8394-4389-9c82-72e07123f2fd'),('cs445','889aa948-eceb-426d-86a1-998a33f8bec5'),('cs445','269df7d5-6e9b-4985-8520-a10dfeff31d1'),('cs445','64c0bcc1-97a9-44d4-9879-98ed5e700570'),('cs445','6f8aa800-8879-43a0-8636-962bf218ab83'),('cs445','908f9fc7-f896-4791-a0f8-0fc91c25a2d8'),('cs445','7e026098-bc82-4eb3-844f-89c4a4ea6afc'),('cs445','0aeccb53-d679-4ecf-986e-c8c78fe5482c'),('cs445','1c345d33-5132-46d7-a406-ea4f16c872f2'),('cs445','77ef9cf8-9964-431f-b73d-d0a23ea2d215'),('cs445','e95ea80a-c704-4db0-802e-c46c3a58b7ed'),('cs445','37b14eab-8446-470a-8cc9-1e07280990e7'),('cs445','a58ef8b4-74c3-4229-8c7b-624197918041'),('cs445','4efb5585-e0a4-46af-a6fe-83f5fa4b2775'),('cs445','9289dab8-34c6-4403-b6aa-2835a484071b'),('cs445','3a22a1bc-3e14-4f3e-aea6-e894127368e7'),('cs445','7e9b1a90-cebf-4258-96a1-42828fc206b8'),('cs445','8dd2b681-4b4e-4b92-8bab-030797706b90'),('cs445','3c95ebba-d290-4e53-851b-95d04b63cb11'),('cs445','86f6e83c-994e-45ec-a29e-1c866a20d16f'),('cs445','e8e5558e-c8ad-4ce4-9c19-79b9ad252ff2'),('cs445','af93fa0d-a2db-4b53-a8eb-4c993ba789d7'),('cs445','23809b2c-1600-4c83-a00f-e1e95560c58b'),('cs445','970d8475-820b-4b96-b6ed-92e8a0565bc4'),('cs445','51aa8d14-6bec-4228-abcd-26e878ef7a0c'),('cs445','d10739f4-021b-402f-89fb-e38b0865ab5e'),('cs445','fe55a677-e064-4e73-abb2-9980a553cd0d'),('cs445','eb20480f-0346-420f-af6b-1e89e23b5e84'),('cs445','b0eb213f-300f-44b3-85c4-2b78fbd99285'),('cs445','e2983601-ac11-4064-ab8f-5cd552c88ccd'),('cs445','116b93af-2a34-427c-a05b-a4536a63ea22'),('cs445','21562aa1-dcc5-4ca5-b5e6-9bf5be7a3c71'),('cs445','fe05ab53-03c5-4fa1-acfd-ac1a1424b0b6'),('cs445','539749c7-499e-465c-b559-5f94d179469f'),('cs445','80f17e4e-dc1d-4561-809a-31e3635f2dc7'),('cs445','9c6d343e-60bf-4e96-8d29-f6ef7bfeb35c'),('cs445','c32a7d65-b02b-4f3a-8218-7d56e8a35050'),('cs445','222a40e8-5ced-436d-850a-aa8b24a81827'),('cs445','c5f03489-288c-4a01-9b19-848147d5a023'),('cs445','e0c13a98-a268-446e-af7b-2ffed1664a20'),('cs445','70babe71-abcf-4906-ae77-7d537371fcca'),('cs445','eabed6be-31bf-4cf1-bb5b-1f6106466d9e'),('cs445','691fd0f0-4abe-4d6e-8947-5ccfab5ed696'),('cs445','642f0f1e-ecd7-4dd3-99e9-d760ed2a5ba0'),('cs445','eec9ead8-445f-490a-9a87-1f946d9f1af9'),('ASDF@#$%\"@#$:','lpuVIQleAHzvy9hZ');
/*!40000 ALTER TABLE `test_set_user_login_id` ENABLE KEYS */;
UNLOCK TABLES;
/*!40103 SET TIME_ZONE=@OLD_TIME_ZONE */;

/*!40101 SET SQL_MODE=@OLD_SQL_MODE */;
/*!40014 SET FOREIGN_KEY_CHECKS=@OLD_FOREIGN_KEY_CHECKS */;
/*!40014 SET UNIQUE_CHECKS=@OLD_UNIQUE_CHECKS */;
/*!40101 SET CHARACTER_SET_CLIENT=@OLD_CHARACTER_SET_CLIENT */;
/*!40101 SET CHARACTER_SET_RESULTS=@OLD_CHARACTER_SET_RESULTS */;
/*!40101 SET COLLATION_CONNECTION=@OLD_COLLATION_CONNECTION */;
/*!40111 SET SQL_NOTES=@OLD_SQL_NOTES */;

-- Dump completed on 2017-03-12 13:56:12
